symbol,conf,only_side,test_volume_usd,average_pnl_pct,average_position_duration_s,positions_per_year,cost_per_year_pct,cost_per_year_usd,avg_chases_per_position,avg_turnover_per_usd,avg_turnover_per_year
BTCUSDC,Fixed volumes with 0.1% percent thresholds,0,1000,-0.2832102573234437,439830.5778230002,71.70033551576067,-20.306270471595827,-203.0627047159583,200.73032026959174,14392.431311515822,14392431.311515821
BTCUSDC,Fixed volumes with 0.1% percent thresholds,0,100000,-1.494029969542863,440527.12318281794,71.58696557013725,-106.95307199041812,-106953.07199041812,137.9377011949286,9874.541466265233,987454146.6265233
BTCUSDC,Fixed volumes with 0.1% percent thresholds,0,200000,-1.7377702799815735,438561.9675764767,71.90774014050987,-124.95913371681607,-249918.26743363214,117.83791700738011,8473.458314865658,1694691662.9731317
BTCUSDC,Fixed volumes with 0.1% percent thresholds,0,300000,-1.9325157409693794,441246.0165048106,71.47033360165459,-138.11754469753026,-414352.63409259083,106.76962666236047,7630.860836083017,2289258250.824905
BTCUSDC,Fixed volumes with 0.1% percent thresholds,0,500000,-2.1560585350368497,441816.0205703526,71.37812693910307,-153.89541980199687,-769477.0990099843,92.77545346563413,6622.138094302883,3311069047.151441
BTCUSDC,Fixed volumes with 0.1% percent thresholds (separate sides),-1,1000,-0.006683001439640868,2019.9233378392685,15612.47370592508,-104.3381842530525,-1043.381842530525,2.0,31224.94741185016,31224947.41185016
BTCUSDC,Fixed volumes with 0.1% percent thresholds (separate sides),-1,100000,-0.03170522821265614,2533.602018164921,12447.100915573716,-394.6381751142259,-394638.1751142259,2.0,24894.20183114743,2489420183.114743
BTCUSDC,Fixed volumes with 0.1% percent thresholds (separate sides),-1,200000,-0.046211905233056794,3041.795466283269,10367.560984806594,-479.1047457278193,-958209.4914556385,2.0,20735.12196961319,4147024393.9226375
BTCUSDC,Fixed volumes with 0.1% percent thresholds (separate sides),-1,300000,-0.05563428468932834,3210.1587477011185,9823.813237455557,-546.5408223873948,-1639622.4671621844,2.0,19647.626474911114,5894287942.473334
BTCUSDC,Fixed volumes with 0.1% percent thresholds (separate sides),-1,500000,-0.07318272342896466,3510.810913857558,8982.54015205545,-657.3667516374443,-3286833.7581872214,2.0,17965.0803041109,8982540152.05545
BTCUSDC,Fixed volumes with 0.1% percent thresholds (separate sides),1,1000,-0.007125957092382813,2086.6326360916296,15113.345518772558,-107.69705168912931,-1076.970516891293,2.0,30226.691037545115,30226691.037545115
BTCUSDC,Fixed volumes with 0.1% percent thresholds (separate sides),1,100000,-0.03326731837742684,2955.2742692873917,10671.09077750821,-354.9985743297889,-354998.5743297889,2.0,21342.18155501642,2134218155.501642
BTCUSDC,Fixed volumes with 0.1% percent thresholds (separate sides),1,200000,-0.04374880559383749,3342.761515628982,9434.116030280464,-412.73130815844587,-825462.6163168917,2.0,18868.232060560927,3773646412.1121855
BTCUSDC,Fixed volumes with 0.1% percent thresholds (separate sides),1,300000,-0.05167037513975132,3654.4492119714446,8629.480989007221,-445.88851996335535,-1337665.559890066,2.0,17258.961978014442,5177688593.404333
BTCUSDC,Fixed volumes with 0.1% percent thresholds (separate sides),1,500000,-0.06683242729674918,4084.8610197178036,7720.213698281127,-515.9606207057406,-2579803.1035287026,2.0,15440.427396562254,7720213698.281127
BTCUSDC,Fixed volumes with 1 unit thresholds (separate sides),-1,1000,-0.006428487663835433,1834.8398783391622,17187.330825044726,-110.48854418305851,-1104.885441830585,2.0,34374.66165008945,34374661.65008945
BTCUSDC,Fixed volumes with 1 unit thresholds (separate sides),-1,100000,-0.03222340511847634,2685.4165952250105,11743.429327157191,-378.4132806891822,-378413.2806891822,2.0,23486.858654314383,2348685865.4314384
BTCUSDC,Fixed volumes with 1 unit thresholds (separate sides),-1,200000,-0.043400093190522696,2950.21983777688,10689.372905770899,-463.9197802587055,-927839.560517411,2.0,21378.745811541798,4275749162.3083596
BTCUSDC,Fixed volumes with 1 unit thresholds (separate sides),-1,300000,-0.054024618188905624,3068.4940428797227,10277.354154614577,-555.2301341952154,-1665690.4025856461,2.0,20554.708309229154,6166412492.768746
BTCUSDC,Fixed volumes with 1 unit thresholds (separate sides),-1,500000,-0.0724118068457843,3693.813440708397,8537.518341465575,-618.217129084546,-3091085.6454227297,2.0,17075.03668293115,8537518341.465575
BTCUSDC,Fixed volumes with 1 unit thresholds (separate sides),1,1000,-0.0055852782130001635,2387.7621709083214,13207.345515488874,-73.76669915922544,-737.6669915922544,2.0,26414.69103097775,26414691.03097775
BTCUSDC,Fixed volumes with 1 unit thresholds (separate sides),1,100000,-0.029126680186485093,2881.3708344784172,10944.790452739006,-318.78541122502446,-318785.41122502444,2.0,21889.58090547801,2188958090.547801
BTCUSDC,Fixed volumes with 1 unit thresholds (separate sides),1,200000,-0.04313375247679008,3333.4626756802904,9460.432909621271,-408.0639714468829,-816127.9428937658,2.0,18920.865819242543,3784173163.8485084
BTCUSDC,Fixed volumes with 1 unit thresholds (separate sides),1,300000,-0.05063812492987399,3825.195923956589,8244.283594075558,-417.4750625941086,-1252425.1877823258,2.0,16488.567188151115,4946570156.445334
BTCUSDC,Fixed volumes with 1 unit thresholds (separate sides),1,500000,-0.06374460047443396,4365.391160052573,7224.094896371259,-460.4970429585833,-2302485.2147929166,2.0,14448.189792742518,7224094896.371259
BTCUSDC,Fixed volumes with 1 unit thresholds,0,1000,-0.2818771176941552,439154.89915133663,71.81065282646982,-20.241779838460953,-202.4177983846095,201.56967132147275,14474.84968761191,14474849.68761191
BTCUSDC,Fixed volumes with 1 unit thresholds,0,100000,-1.4777719403648186,442438.2062153974,71.27775033209261,-105.3322594130956,-105332.2594130956,138.32661958412726,9859.610254999774,985961025.4999774
BTCUSDC,Fixed volumes with 1 unit thresholds,0,200000,-1.7720983834734707,440325.21284678293,71.61979164471187,-126.91731699830066,-253834.63399660133,118.69802245344732,8501.127636755227,1700225527.3510454
BTCUSDC,Fixed volumes with 1 unit thresholds,0,300000,-1.895433996585185,436998.3635735468,72.1650299605584,-136.78405115183085,-410352.1534554926,106.25575426265782,7667.949689846432,2300384906.9539294
BTCUSDC,Fixed volumes with 1 unit thresholds,0,500000,-2.1465454973427565,438788.42939123616,71.87062804676103,-154.27357302497091,-771367.8651248546,92.21749639511603,6627.72938281691,3313864691.4084554
ETHUSDC,Fixed volumes with 0.1% percent thresholds,0,1000,0.005913133020946919,206863.6778664931,152.4482225456365,0.9014466187192676,9.014466187192676,180.11952651825175,27458.901663469118,27458901.663469117
ETHUSDC,Fixed volumes with 0.1% percent thresholds,0,100000,-1.415234737851994,208201.90087834393,151.4683577189194,-214.363281529207,-214363.28152920702,111.92914924142984,16953.724416475212,1695372441.6475213
ETHUSDC,Fixed volumes with 0.1% percent thresholds,0,200000,-1.7596640459460842,207535.20869648387,151.95493910684223,-267.38964295023686,-534779.2859004737,94.26792698826597,14324.477105230206,2864895421.046041
ETHUSDC,Fixed volumes with 0.1% percent thresholds,0,300000,-1.8937159116788318,205931.34304501364,153.13841756039383,-290.0006580234348,-870001.9740703045,82.99954005130984,12710.418221698117,3813125466.509435
ETHUSDC,Fixed volumes with 0.1% percent thresholds,0,500000,-2.14837597553837,207898.17419778687,151.68964384457644,-325.8863865736597,-1629431.9328682986,70.85785790377744,10748.403229013606,5374201614.506803
ETHUSDC,Fixed volumes with 0.1% percent thresholds (separate sides),-1,1000,-0.002959541654404158,1063.836988438091,29643.63933829812,-87.73158540982699,-877.3158540982699,2.0,59287.27867659624,59287278.67659624
ETHUSDC,Fixed volumes with 0.1% percent thresholds (separate sides),-1,100000,-0.04031591428426757,1623.8562559722689,19420.438160099406,-782.9527202254867,-782952.7202254868,2.0,38840.87632019881,3884087632.0198812
ETHUSDC,Fixed volumes with 0.1% percent thresholds (separate sides),-1,200000,-0.05223936166988573,2039.33204566477,15463.886848166538,-807.8235778835613,-1615647.1557671225,2.0,30927.773696333075,6185554739.266615
ETHUSDC,Fixed volumes with 0.1% percent thresholds (separate sides),-1,300000,-0.06953914485515643,2279.4541806916995,13834.890943247832,-962.0664853578029,-2886199.456073409,2.0,27669.781886495664,8300934565.948699
ETHUSDC,Fixed volumes with 0.1% percent thresholds (separate sides),-1,500000,-0.08809288165596679,2568.580620233683,12277.597888724604,-1081.5689778309645,-5407844.889154823,2.0,24555.195777449208,12277597888.724604
ETHUSDC,Fixed volumes with 0.1% percent thresholds (separate sides),1,1000,-0.0035963426254858317,1127.778377909893,27962.94078491338,-100.56431587872022,-1005.6431587872023,2.0,55925.88156982676,55925881.56982676
ETHUSDC,Fixed volumes with 0.1% percent thresholds (separate sides),1,100000,-0.03906307745461726,1690.0778336518092,18659.495658764474,-728.8973241824111,-728897.3241824112,2.0,37318.99131752895,3731899131.752895
ETHUSDC,Fixed volumes with 0.1% percent thresholds (separate sides),1,200000,-0.05496712217546307,2197.3117744195238,14352.082561579611,-788.8926756346794,-1577785.351269359,2.0,28704.165123159222,5740833024.6318445
ETHUSDC,Fixed volumes with 0.1% percent thresholds (separate sides),1,300000,-0.06736926215909887,2406.7451454091233,13103.17382800379,-882.7511527350302,-2648253.458205091,2.0,26206.34765600758,7861904296.802274
ETHUSDC,Fixed volumes with 0.1% percent thresholds (separate sides),1,500000,-0.09055057029441001,2825.115438660235,11162.729695376778,-1010.791539958713,-5053957.699793565,2.0,22325.459390753556,11162729695.376778
ETHUSDC,Fixed volumes with 1 unit thresholds (separate sides),-1,1000,-0.0014648602775596288,1082.5527615291962,29131.143645555683,-42.67305516625811,-426.73055166258115,2.0,58262.287291111366,58262287.291111365
ETHUSDC,Fixed volumes with 1 unit thresholds (separate sides),-1,100000,-0.03540509419061061,1670.4002316256722,18879.307726932268,-668.4236683255596,-668423.6683255596,2.0,37758.615453864535,3775861545.3864536
ETHUSDC,Fixed volumes with 1 unit thresholds (separate sides),-1,200000,-0.052458832329453975,1861.2823638247546,16943.157369845045,-888.8182515962537,-1777636.5031925074,2.0,33886.31473969009,6777262947.938018
ETHUSDC,Fixed volumes with 1 unit thresholds (separate sides),-1,300000,-0.06600051332709733,2179.7956177413416,14467.411413863167,-954.856579829276,-2864569.739487828,2.0,28934.822827726333,8680446848.3179
ETHUSDC,Fixed volumes with 1 unit thresholds (separate sides),-1,500000,-0.08874562318809041,2623.633368343056,12019.97214264599,-1066.7199185026047,-5333599.592513024,2.0,24039.94428529198,12019972142.645988
ETHUSDC,Fixed volumes with 1 unit thresholds (separate sides),1,1000,-0.001704626684495383,1187.2900732716296,26561.32710105221,-45.277146952063994,-452.7714695206399,2.0,53122.65420210442,53122654.20210442
ETHUSDC,Fixed volumes with 1 unit thresholds (separate sides),1,100000,-0.03910255558681507,1827.3643984883477,17257.641675676485,-674.8178929204762,-674817.8929204762,2.0,34515.28335135297,3451528335.135297
ETHUSDC,Fixed volumes with 1 unit thresholds (separate sides),1,200000,-0.056825631552176396,2139.763507889423,14738.077307947851,-837.5005508889363,-1675001.1017778728,2.0,29476.154615895703,5895230923.17914
ETHUSDC,Fixed volumes with 1 unit thresholds (separate sides),1,300000,-0.06483386957773733,2485.913808637714,12685.878283640814,-822.4745781206188,-2467423.7343618567,2.0,25371.756567281627,7611526970.184488
ETHUSDC,Fixed volumes with 1 unit thresholds (separate sides),1,500000,-0.09079574770245603,2762.440469429041,11415.992615586776,-1036.523585297918,-5182617.926489591,2.0,22831.985231173552,11415992615.586777
ETHUSDC,Fixed volumes with 1 unit thresholds,0,1000,-0.028489891646061853,208634.01723800154,151.15464111504386,-4.306379347166965,-43.06379347166965,183.1260756699303,27680.35624669468,27680356.24669468
ETHUSDC,Fixed volumes with 1 unit thresholds,0,100000,-1.3727655231651916,207959.0559849737,151.64523540767883,-208.17335091993087,-208173.35091993085,111.72476672344969,16942.52855064553,1694252855.064553
ETHUSDC,Fixed volumes with 1 unit thresholds,0,200000,-1.7434388472031432,208236.95185414347,151.4428621779334,-264.03136905264074,-528062.7381052815,94.19874393668624,14265.727395338014,2853145479.0676026
ETHUSDC,Fixed volumes with 1 unit thresholds,0,300000,-1.9758186931763417,208485.77521880664,151.26211832391368,-298.8665209538403,-896599.5628615208,83.99019128521665,12704.534252232585,3811360275.6697755
ETHUSDC,Fixed volumes with 1 unit thresholds,0,500000,-2.1471899219160298,208072.14018372222,151.5628184155483,-325.4341562390545,-1627170.7811952725,70.99947421885767,10760.880418632127,5380440209.316063
SOLUSDC,Fixed volumes with 0.1% percent thresholds,0,1000,-0.23025342253556305,137191.5621936937,229.86836432021923,-52.927977617382176,-529.2797761738217,123.75421858383997,28447.179803594172,28447179.803594172
SOLUSDC,Fixed volumes with 0.1% percent thresholds,0,100000,-2.169917363773935,137948.5917174468,228.60690063870757,-496.0580831744741,-496058.0831744741,55.44930628595009,12676.094052597455,1267609405.2597454
SOLUSDC,Fixed volumes with 0.1% percent thresholds,0,200000,-2.5115453362255287,137743.5346952904,228.94722478091197,-575.0113346402773,-1150022.6692805544,43.68913198668771,10002.505521439123,2000501104.2878246
SOLUSDC,Fixed volumes with 0.1% percent thresholds,0,300000,-2.7269182419846936,137804.97815606353,228.8451434917367,-624.0419963772215,-1872125.9891316644,37.75283266129032,8639.552407592508,2591865722.2777524
SOLUSDC,Fixed volumes with 0.1% percent thresholds,0,500000,-2.9229877739476122,138057.967617071,228.42578769137654,-667.6857846762466,-3338428.923381233,30.879053581051476,7053.572137415905,3526786068.7079525
SOLUSDC,Fixed volumes with 0.1% percent thresholds (separate sides),-1,1000,-0.013599044746325381,979.3279570502516,32201.67439617147,-437.9120110201362,-4379.120110201362,2.0,64403.34879234294,64403348.79234294
SOLUSDC,Fixed volumes with 0.1% percent thresholds (separate sides),-1,100000,-0.12355759162203761,2166.4808926688875,14556.325009241511,-1798.5444610095153,-1798544.4610095152,2.0,29112.650018483022,2911265001.8483024
SOLUSDC,Fixed volumes with 0.1% percent thresholds (separate sides),-1,200000,-0.1704115398392469,2783.223258891489,11330.74750624219,-1930.8901300684383,-3861780.2601368767,2.0,22661.49501248438,4532299002.496877
SOLUSDC,Fixed volumes with 0.1% percent thresholds (separate sides),-1,300000,-0.22179537298328172,3259.4509934306107,9675.249010818226,-2145.9254630605556,-6437776.389181666,2.0,19350.498021636453,5805149406.490936
SOLUSDC,Fixed volumes with 0.1% percent thresholds (separate sides),-1,500000,-0.2821456911888576,4026.3488355455593,7832.406303595142,-2209.8796901998167,-11049398.450999083,2.0,15664.812607190284,7832406303.595142
SOLUSDC,Fixed volumes with 0.1% percent thresholds (separate sides),1,1000,-0.012688551590559762,987.4916182972274,31935.460935231862,-405.2147436449954,-4052.1474364499536,2.0,63870.921870463724,63870921.87046372
SOLUSDC,Fixed volumes with 0.1% percent thresholds (separate sides),1,100000,-0.12237556078652398,2169.785047685136,14534.158594946814,-1778.6258086168941,-1778625.8086168943,2.0,29068.317189893627,2906831718.9893627
SOLUSDC,Fixed volumes with 0.1% percent thresholds (separate sides),1,200000,-0.16970157695783797,2874.3821268632487,10971.401368409759,-1861.8641136565175,-3723728.227313035,2.0,21942.802736819518,4388560547.363904
SOLUSDC,Fixed volumes with 0.1% percent thresholds (separate sides),1,300000,-0.20899424668409275,3390.554517156141,9301.133440099087,-1943.883376621733,-5831650.129865199,2.0,18602.266880198174,5580680064.059452
SOLUSDC,Fixed volumes with 0.1% percent thresholds (separate sides),1,500000,-0.2828972171325062,4164.743026005401,7572.135856422251,-2142.1361615311216,-10710680.807655608,2.0,15144.271712844502,7572135856.422251
SOLUSDC,Fixed volumes with 1 unit thresholds (separate sides),-1,1000,-0.011075310506176652,1083.2268434252458,29113.015608328875,-322.4356876334097,-3224.356876334097,2.0,58226.03121665775,58226031.21665775
SOLUSDC,Fixed volumes with 1 unit thresholds (separate sides),-1,100000,-0.11739192480886224,2213.507711495916,14247.070311170311,-1672.4910067154785,-1672491.0067154786,2.0,28494.140622340623,2849414062.234062
SOLUSDC,Fixed volumes with 1 unit thresholds (separate sides),-1,200000,-0.17560993022682989,2684.2423514633156,11748.566586324867,-2063.164958489775,-4126329.91697955,2.0,23497.133172649734,4699426634.529946
SOLUSDC,Fixed volumes with 1 unit thresholds (separate sides),-1,300000,-0.21870337920398109,3258.789718656358,9677.212315804994,-2116.4390347409353,-6349317.104222805,2.0,19354.42463160999,5806327389.482997
SOLUSDC,Fixed volumes with 1 unit thresholds (separate sides),-1,500000,-0.2882231927436198,4068.195227810588,7751.840370004064,-2234.2601810814544,-11171300.905407272,2.0,15503.680740008129,7751840370.004065
SOLUSDC,Fixed volumes with 1 unit thresholds (separate sides),1,1000,-0.012644963816562342,1083.9690495760087,29093.081589677502,-367.8809640137681,-3678.809640137681,2.0,58186.163179355004,58186163.179355
SOLUSDC,Fixed volumes with 1 unit thresholds (separate sides),1,100000,-0.12102492496279837,2144.228364947599,14707.388688410845,-1779.9606124136324,-1779960.6124136322,2.0,29414.77737682169,2941477737.682169
SOLUSDC,Fixed volumes with 1 unit thresholds (separate sides),1,200000,-0.17115522548789755,2880.8335116954054,10946.831835985095,-1873.6074712661243,-3747214.9425322483,2.0,21893.66367197019,4378732734.394038
SOLUSDC,Fixed volumes with 1 unit thresholds (separate sides),1,300000,-0.21181834197248,3396.966036587178,9283.578246099627,-1966.4321516606071,-5899296.454981822,2.0,18567.156492199254,5570146947.659776
SOLUSDC,Fixed volumes with 1 unit thresholds (separate sides),1,500000,-0.2837749781360017,4191.200191770733,7524.3363611978675,-2135.2183863868477,-10676091.93193424,2.0,15048.672722395735,7524336361.197867
SOLUSDC,Fixed volumes with 1 unit thresholds,0,1000,-0.2524722102443921,137051.12928092215,230.10390476505097,-58.09484142189751,-580.9484142189751,129.80053413958177,29867.60974610707,29867609.74610707
SOLUSDC,Fixed volumes with 1 unit thresholds,0,100000,-2.1965064624313344,137145.0378370333,229.9463436473261,-505.07862983380824,-505078.6298338082,56.361228078991005,12960.05832023699,1296005832.023699
SOLUSDC,Fixed volumes with 1 unit thresholds,0,200000,-2.58368345367133,137761.23954427725,228.91780085837678,-591.4511343286165,-1182902.2686572329,44.48724597479346,10183.922514795393,2036784502.9590786
SOLUSDC,Fixed volumes with 1 unit thresholds,0,300000,-2.7326069776370567,137273.27078324975,229.7315407439688,-627.7660112202809,-1883298.0336608428,38.09075929144855,8750.64882013212,2625194646.039636
SOLUSDC,Fixed volumes with 1 unit thresholds,0,500000,-2.9774325303262534,138343.39535671409,227.95450349245382,-678.7191541328017,-3393595.7706640083,31.434621466195324,7165.663528799786,3582831764.399893
