symbol,conf,only_side,test_volume_usd,average_pnl_pct,average_position_duration_s,positions_per_year,cost_per_year_pct,cost_per_year_usd,avg_chases_per_position,avg_turnover_per_usd,avg_turnover_per_year,avg_pos_pnl_pct,avg_neg_pnl_pct,positive_share,negative_share,zero_share,avg_pos_duration_s,avg_neg_duration_s,avg_zero_duration_s,avg_chases_pos,avg_chases_neg,avg_chases_zero
BTCUSDC,Fixed volumes with 0.1% percent thresholds (v2),0,10000,-0.7196306631564306,449065.7357691304,70.22579878196942,-50.53663814815871,-5053.663814815871,187.0487542835973,13135.648180737944,131356481.80737944,2.8699424042425012,-4.649628502163325,0.5226359173844587,0.47736408261554136,0.0,291900.16907552857,621136.4321652665,0.0,77.9963848375835,306.4433363729846,0.0
BTCUSDC,Fixed volumes with 0.1% percent thresholds (v2),0,20000,-0.9546387851955755,451479.63433779625,69.85032679548247,-66.68183111755334,-13336.36622351067,178.19873953844592,12447.240191303512,248944803.82607025,2.8622431880987085,-4.8748263757458465,0.5066760170891274,0.49332398291087265,0.0,290088.87448206154,617238.507271945,0.0,71.63121471498816,287.65056207096495,0.0
BTCUSDC,Fixed volumes with 0.1% percent thresholds (v2),0,30000,-1.10917731871772,452600.2756443759,69.67737691962644,-77.28456610699521,-23185.369832098564,171.2100772417087,11929.469084408893,357884072.5322668,2.8589675039826226,-4.9935886601538835,0.4946683933540903,0.5053316066459097,0.0,288685.00636753376,613056.7003623227,0.0,67.56501234705435,272.66808433296984,0.0
BTCUSDC,Fixed volumes with 0.1% percent thresholds (v2),0,40000,-1.1674515729590367,451608.45486879366,69.83040211052335,-81.52361278429252,-32609.44511371701,164.1268804707749,11461.046060420013,458441842.4168005,2.864299910592363,-5.0680184015788035,0.4917310015956907,0.5082689984043093,0.0,284871.00068875676,612920.6254022503,0.0,63.97921668667467,261.01595136557484,0.0
BTCUSDC,Fixed volumes with 0.1% percent thresholds (v2),0,50000,-1.2431136094484962,451162.66399452486,69.89940107362854,-86.89289676692647,-43446.44838346324,158.94620016092784,11110.244194177936,555512209.7088968,2.8598261451592677,-5.127896766855123,0.48634425607872517,0.5136557439212749,0.0,285403.2733533707,608108.4949006627,0.0,61.47022915280023,251.2392956174151,0.0
BTCUSDC,Fixed volumes with 0.1% percent thresholds (v2),0,60000,-1.3295642335083173,449022.5719789924,70.23254947075449,-93.37868580441868,-56027.211482651204,154.28968502486646,10836.157936336062,650169476.1801637,2.8453101613251355,-5.195057028426657,0.4807607294160987,0.5192392705839013,0.0,286010.87246629375,599954.1906005072,0.0,59.17687400624509,242.35410347824543,0.0
BTCUSDC,Fixed volumes with 0.1% percent thresholds (v2),0,70000,-1.3524741567617213,448505.7748735865,70.31347591653324,-95.0971590491989,-66568.01133443923,149.4928128002365,10511.35929252424,735795150.4766967,2.8501596111893797,-5.211485585833016,0.47868782795063186,0.5213121720493681,0.0,284234.6057543663,599345.546811894,0.0,57.57473416060366,233.89534121316296,0.0
BTCUSDC,Fixed volumes with 0.1% percent thresholds (v2),0,80000,-1.4681931599033222,453838.36618484725,69.48729404502453,-102.02076981709587,-81616.61585367669,148.13816960785218,10293.72055083254,823497644.0666032,2.8359023163139034,-5.33617989737538,0.47331715911921257,0.5266828408807874,0.0,282368.57747765497,607934.127364259,0.0,55.64844374281315,231.2564542683995,0.0
BTCUSDC,Fixed volumes with 0.1% percent thresholds (v2),0,90000,-1.4597001548045248,448340.15403555555,70.33945033952735,-102.67450654947325,-92407.05589452593,143.64755555555556,10104.090100394496,909368109.0355047,2.855649848087927,-5.3096292491541766,0.4715,0.5285,0.0,282863.08488515764,595970.1220666106,0.0,54.41467342209654,223.25645607764812,0.0
BTCUSDC,Fixed volumes with 0.1% percent thresholds (separate sides) (v2),-1,10000,-0.013455169684813782,1888.005064355301,16703.345025596438,-224.74634162339026,-22474.63416233903,2.0,33406.690051192876,334066900.51192874,0.25347502987449183,-0.04583286271273635,0.1080611270296084,0.8911938872970392,0.0007449856733524355,5628.985591656356,1435.942321730184,36.93715384615385,2.0,2.0,2.0
BTCUSDC,Fixed volumes with 0.1% percent thresholds (separate sides) (v2),-1,20000,-0.01812881002671008,2220.1108599329405,14204.69606682279,-257.5142364825862,-51502.84729651725,1.9999999999999998,28409.392133645575,568187842.6729115,0.2887071343003753,-0.050736572009644626,0.09598590615469133,0.9035026236526549,0.0005114701926537726,7742.777075192421,1632.2982747248138,4159.7974814814825,2.0,2.0,2.0
BTCUSDC,Fixed volumes with 0.1% percent thresholds (separate sides) (v2),-1,30000,-0.018367964108926587,2284.4885302347775,13804.402859820459,-253.55877627434572,-76067.63288230372,2.0,27608.805719640917,828264171.5892276,0.3467378522622347,-0.054317623449539186,0.08957816377171215,0.9099828211490743,0.0004390150792135904,8266.868315789474,1696.6623018836265,54.8918695652174,2.0,2.0,2.0
BTCUSDC,Fixed volumes with 0.1% percent thresholds (separate sides) (v2),-1,40000,-0.02145102650758308,2214.7371708625906,14239.161384426232,-305.4446283030805,-122177.85132123219,2.0,28478.322768852464,1139132910.7540987,0.3662921361369306,-0.05700425001558635,0.08393750832524595,0.9156628798690796,0.00039961180567448765,8490.83455316255,1640.3739694299547,20.324619047619045,2.0,2.0,2.0
BTCUSDC,Fixed volumes with 0.1% percent thresholds (separate sides) (v2),-1,50000,-0.02214476385697975,2477.517555610498,12728.87044880255,-281.8778302548203,-140938.91512741018,2.0,25457.7408976051,1272887044.880255,0.40851770914634167,-0.06017913602932033,0.08109547356409282,0.9184861163940662,0.00041841004184100416,9536.896837476548,1855.3440212241685,25.49081818181818,2.0,2.0,2.0
BTCUSDC,Fixed volumes with 0.1% percent thresholds (separate sides) (v2),-1,60000,-0.026099450081864185,2479.1342438601837,12720.569722314134,-331.9998744804107,-199199.92468824645,2.0,25441.13944462827,1526468366.677696,0.40401747897713325,-0.062220821246464754,0.07742832121235198,0.9222289913566615,0.00034268743098655904,9806.5136388001,1864.8561468590656,23.206333333333333,2.0,2.0,2.0
BTCUSDC,Fixed volumes with 0.1% percent thresholds (separate sides) (v2),-1,70000,-0.025078205298642027,2549.5892380970463,12369.051268641897,-310.1936070644301,-217135.52494510112,2.0,24738.102537283794,1731667177.6098657,0.45889238150413875,-0.06456727668792872,0.07539644858038173,0.9242617035419238,0.000341847877694426,11440.70354206549,1825.229488113095,32.48733333333333,2.0,2.0,2.0
BTCUSDC,Fixed volumes with 0.1% percent thresholds (separate sides) (v2),-1,80000,-0.028252662780090018,2521.382442575593,12507.424287362755,-353.36804063836763,-282694.43251069414,1.9999999999999998,25014.848574725507,2001187885.9780407,0.47727742697986597,-0.06678181688556109,0.07079461010699964,0.9290153372484178,0.00019005264458254935,11628.687975838926,1827.88210443517,18.4242,2.0,2.0,2.0
BTCUSDC,Fixed volumes with 0.1% percent thresholds (separate sides) (v2),-1,90000,-0.030565409312815504,2431.0545072781047,12972.14846709004,-396.49902756321933,-356849.1248068974,2.0,25944.29693418008,2334986724.076207,0.4859534895621027,-0.06891826637779841,0.06909398164151016,0.9306947805046665,0.00021123785382340515,10702.468083379657,1817.5380783864643,24.47990909090909,2.0,2.0,2.0
BTCUSDC,Fixed volumes with 0.1% percent thresholds (separate sides) (v2),1,10000,-0.013954956159024062,2397.7941618625705,13152.088073941804,-183.5368124714811,-18353.68124714811,2.0,26304.17614788361,263041761.4788361,0.24881069290231891,-0.046199412627949375,0.109161344763439,0.8899564658726963,0.0008821893638647565,6933.123316936051,1843.8321861652842,39.357891304347824,2.0,2.0,2.0
BTCUSDC,Fixed volumes with 0.1% percent thresholds (separate sides) (v2),1,20000,-0.01670680427731981,2355.7806164911476,13386.645504780392,-223.6480663782291,-44729.613275645825,2.0,26773.291009560784,535465820.1912157,0.2915379426972794,-0.050551637438047914,0.09888202075702075,0.9007554945054945,0.0003624847374847375,9014.467677213968,1625.7457412843648,34.2838947368421,2.0,2.0,2.0
BTCUSDC,Fixed volumes with 0.1% percent thresholds (separate sides) (v2),1,30000,-0.016268485521911145,2803.4078301386076,11249.165983260016,-183.00689393224093,-54902.06817967228,2.0,22498.331966520032,674949958.9956009,0.35561481887239527,-0.05367200818494605,0.09131696513803506,0.9081484592767955,0.000534575585169346,12161.317814969683,1864.0681066075222,42.30682142857143,2.0,2.0,2.0
BTCUSDC,Fixed volumes with 0.1% percent thresholds (separate sides) (v2),1,40000,-0.024197079853143618,2519.5429848171943,12516.555657131643,-302.8640967219309,-121145.63868877236,1.9999999999999998,25033.111314263282,1001324452.5705312,0.3385762521333025,-0.05701514542790394,0.08291265106317883,0.9167622762735199,0.0003250726633012085,9150.701671817344,1920.6953708987755,39.95988235294118,2.0,2.0,2.0
BTCUSDC,Fixed volumes with 0.1% percent thresholds (separate sides) (v2),1,50000,-0.023550276711387538,2552.6896325693237,12354.028314934041,-290.94078531701336,-145470.3926585067,2.0,24708.056629868082,1235402831.4934042,0.389228792802669,-0.059505540511372954,0.0800778640813756,0.9195595335788851,0.000362602339739308,10949.274618446138,1822.4810514901212,42.14594736842106,2.0,2.0,2.0
BTCUSDC,Fixed volumes with 0.1% percent thresholds (separate sides) (v2),1,60000,-0.026613384310052522,2699.4871851561606,11682.218820451892,-310.9033790628147,-186542.0274376888,2.0,23364.437640903783,1401866258.454227,0.40547943476430964,-0.062012526413767304,0.0756909667800757,0.924079666653924,0.00022936656600022938,11970.872142929295,1940.7343089810943,31.330416666666668,2.0,2.0,2.0
BTCUSDC,Fixed volumes with 0.1% percent thresholds (separate sides) (v2),1,70000,-0.026972072590412503,2623.4247022096906,12020.928206339397,-324.22934818552335,-226960.54372986633,2.0,24041.856412678793,1682929948.8875155,0.42984128596841503,-0.0642853064794911,0.07547857444278207,0.924252886791729,0.00026853876548893236,12694.225506734436,1801.7551471412266,19.592214285714284,2.0,2.0,2.0
BTCUSDC,Fixed volumes with 0.1% percent thresholds (separate sides) (v2),1,80000,-0.026975906518311575,2871.235823417673,10983.423842372602,-296.28781482283784,-237030.2518582703,2.0,21966.847684745204,1757347814.7796164,0.4859723855301616,-0.0664791018927766,0.07148013068915736,0.9283109186232049,0.0002089506876377175,14180.031436353973,2001.0833520769386,85.17972727272728,2.0,2.0,2.0
BTCUSDC,Fixed volumes with 0.1% percent thresholds (separate sides) (v2),1,90000,-0.030373578927006165,3148.7281047434217,10015.472581609187,-304.2057469487728,-273785.1722538955,2.0,20030.945163218374,1802785064.6896536,0.4873714671226627,-0.0690790023723821,0.06954354320071542,0.9303422950320605,0.00011416176722415664,16090.261618057457,2181.7257837041884,22.144499999999997,2.0,2.0,2.0
BTCUSDC,Fixed volumes with 1 unit thresholds (separate sides) (v2),-1,10000,-0.01550078338693606,1994.4825309748069,15811.620061965006,-245.0924975770521,-24509.24975770521,2.0,31623.240123930012,316232401.23930013,0.23758495383789624,-0.04586057129371367,0.10699517574086836,0.892296500497741,0.0007083237613906119,5183.993839506173,1613.5859107487665,32.66537837837837,2.0,2.0,2.0
BTCUSDC,Fixed volumes with 1 unit thresholds (separate sides) (v2),-1,20000,-0.018360037423855047,2106.878109783047,14968.117924604276,-274.81520526041004,-54963.041052082,1.9999999999999998,29936.235849208548,598724716.9841709,0.28768212447594355,-0.0509923769895309,0.09625473202790215,0.9030919118353542,0.0006533561367435962,6179.580719305251,1674.2943160056175,34.54285294117648,2.0,2.0,2.0
BTCUSDC,Fixed volumes with 1 unit thresholds (separate sides) (v2),-1,30000,-0.019288656819727145,2198.6233294522917,14343.521046807078,-276.6672550583952,-83000.17651751856,1.9999999999999998,28687.042093614153,860611262.8084246,0.32932736024978476,-0.05353280568947523,0.0893730033486009,0.9101266309995766,0.0005003656518224856,8207.420542850989,1609.737440708788,73.1306923076923,2.0,2.0,2.0
BTCUSDC,Fixed volumes with 1 unit thresholds (separate sides) (v2),-1,40000,-0.02025911323935603,2543.8157516334886,12397.124272758134,-251.15474448417632,-100461.89779367052,2.0,24794.248545516268,991769941.8206507,0.39027635582468323,-0.057236189281262916,0.08257929326602534,0.9170397180683875,0.00038098866558719876,9160.093236216839,1949.0651838388033,30.287649999999996,2.0,2.0,2.0
BTCUSDC,Fixed volumes with 1 unit thresholds (separate sides) (v2),-1,50000,-0.024170169595435376,2282.042248923012,13819.200768470924,-334.0124262473131,-167006.21312365655,2.0,27638.40153694185,1381920076.8470924,0.3819927964167845,-0.06010460626316106,0.08121924601275153,0.918321239158322,0.00045951482892645846,8789.017756011313,1707.665405917061,42.30975,2.0,2.0,2.0
BTCUSDC,Fixed volumes with 1 unit thresholds (separate sides) (v2),-1,60000,-0.025689209969682346,2382.800567563427,13234.846604156917,-339.99275333072444,-203995.65199843465,2.0,26469.693208313834,1588181592.49883,0.41069544867986824,-0.0622953354369502,0.07735758736237434,0.9223743417903303,0.0002680708472953566,9163.297348267326,1810.6661291856096,14317.160357142862,2.0,2.0,2.0
BTCUSDC,Fixed volumes with 1 unit thresholds (separate sides) (v2),-1,70000,-0.029627315716036537,2419.5647873448747,13033.748947308097,-386.15499502545583,-270308.4965178191,2.0,26067.497894616194,1824724852.6231337,0.4147832666967344,-0.06453075331355958,0.07279377968438792,0.9270147081354374,0.00019151218017465912,9363.274712444092,1874.7595389112694,245.2273,2.0,2.0,2.0
BTCUSDC,Fixed volumes with 1 unit thresholds (separate sides) (v2),-1,80000,-0.030587775536758337,2490.337227853925,12663.345207739792,-387.34356075882914,-309874.84860706335,2.0,25326.690415479585,2026135233.2383668,0.46800110385798194,-0.06730585766226146,0.06857088085881338,0.9312565896674015,0.00017252947378510497,11305.966090299133,1841.676576977706,21.59477777777778,2.0,2.0,2.0
BTCUSDC,Fixed volumes with 1 unit thresholds (separate sides) (v2),-1,90000,-0.0292706926082826,2759.9229130409894,11426.406096702323,-334.4588204739799,-301012.9384265819,2.0,22852.812193404647,2056753097.406418,0.49315392484011744,-0.06917944137888526,0.0709487825356843,0.9288794748492482,0.0001717426150675521,12159.85684830554,2042.4493696201491,38.289777777777786,2.0,2.0,2.0
BTCUSDC,Fixed volumes with 1 unit thresholds (separate sides) (v2),1,10000,-0.013168073299535205,2262.479040423244,13938.69266258508,-183.54572668061385,-18354.572668061384,2.0,27877.38532517016,278773853.2517016,0.24950592047257952,-0.045312934360102565,0.1089027153665937,0.8902523332181127,0.0008449514152936206,7114.400037206842,1671.0595772773354,43.636295454545454,2.0,2.0,2.0
BTCUSDC,Fixed volumes with 1 unit thresholds (separate sides) (v2),1,20000,-0.01637978393433843,2488.8369240574066,12670.978839621475,-207.54789562957407,-41509.57912591482,2.0,25341.95767924295,506839153.584859,0.2989056666008293,-0.0501809332013801,0.09675323434424507,0.9027307993655526,0.0005159662902023735,9548.895466324315,1733.5436406994224,52.65222222222222,2.0,2.0,2.0
BTCUSDC,Fixed volumes with 1 unit thresholds (separate sides) (v2),1,30000,-0.017342794034018713,2648.6609879284083,11906.393511185132,-206.49013035246062,-61947.039105738186,2.0,23812.787022370263,714383610.6711079,0.35016597182903114,-0.054375123119722535,0.09146991622239146,0.907996953541508,0.0005331302361005332,10421.810604288094,1867.11937384667,75.29439285714285,2.0,2.0,2.0
BTCUSDC,Fixed volumes with 1 unit thresholds (separate sides) (v2),1,40000,-0.02219114921443283,2435.8776434333904,12946.4630889874,-287.2968942068664,-114918.75768274655,2.0,25892.9261779748,1035717047.1189921,0.35957162494252837,-0.05711386884013784,0.08375531894410536,0.9158403450334058,0.0004043360224887845,11224.33867954023,1633.2173953243914,32.632619047619045,2.0,2.0,2.0
BTCUSDC,Fixed volumes with 1 unit thresholds (separate sides) (v2),1,50000,-0.021809648161560433,2767.644157747505,11394.528415699986,-248.5106557133193,-124255.32785665964,2.0,22789.056831399972,1139452841.5699985,0.4077923079379986,-0.05998845981636056,0.08158494759632887,0.9181659673123719,0.0002490850912992662,11417.521498121183,1999.7865518781305,41.394769230769235,2.0,2.0,2.0
BTCUSDC,Fixed volumes with 1 unit thresholds (separate sides) (v2),1,60000,-0.022216141056303845,2802.348002602174,11253.420335631636,-250.0075735422706,-150004.54412536236,2.0,22506.84067126327,1350410440.2757962,0.4523125142495507,-0.0624404459531471,0.07810347466707485,0.9215712536353896,0.00032527169753558856,12955.2265933366,1942.868119713485,25.768705882352943,2.0,2.0,2.0
BTCUSDC,Fixed volumes with 1 unit thresholds (separate sides) (v2),1,70000,-0.02290436896750256,3021.606834835178,10436.831038516042,-239.04902895765434,-167334.32027035803,2.0,20873.662077032084,1461156345.392246,0.48620504542994236,-0.06435477445479748,0.07526329797346108,0.9245275845024904,0.00020911752404851526,16615.241505178077,1915.6615254564897,33.66372727272727,2.0,2.0,2.0
BTCUSDC,Fixed volumes with 1 unit thresholds (separate sides) (v2),1,80000,-0.027389706568018098,2798.6472368896234,11268.301193632627,-308.6354632136457,-246908.37057091657,2.0,22536.602387265255,1802928190.9812205,0.47683686551339255,-0.06675948335776072,0.07238030069757274,0.9272585580962156,0.00036114120621162876,14819.103881565126,1861.4267927394226,33.55484210526316,2.0,2.0,2.0
BTCUSDC,Fixed volumes with 1 unit thresholds (separate sides) (v2),1,90000,-0.030258142182890815,2974.1315360738413,10603.431495040988,-320.8401378034927,-288756.12402314343,1.9999999999999998,21206.862990081972,1908617669.1073775,0.4896564418090388,-0.069292416035108,0.06980683223903321,0.9299647920829764,0.00022837567799029404,13846.3433934024,2158.7415174050957,37.479000000000006,2.0,2.0,2.0
BTCUSDC,Fixed volumes with 1 unit thresholds (v2),0,10000,-0.7426579594826614,451595.6746008826,69.83237832796189,-51.86157159486541,-5186.157159486541,188.67251947860123,13175.45076031944,131754507.6031944,2.8829162313651655,-4.663182311230665,0.5195432221852959,0.48045677781470403,0.0,293537.3903138827,622512.42321051,0.0,78.25394907514348,308.0739360169084,0.0
BTCUSDC,Fixed volumes with 1 unit thresholds (v2),0,20000,-0.9165828345943463,450101.6289742404,70.06417655467945,-64.21962155000683,-12843.924310001368,177.78233969202483,12456.173236486024,249123464.72972047,2.8744492323914286,-4.808404907161757,0.5065594116295105,0.49344058837048954,0.0,286629.1700543911,617920.2368466296,0.0,71.69049563528793,286.69478704773263,0.0
BTCUSDC,Fixed volumes with 1 unit thresholds (v2),0,30000,-1.0893399941607882,449866.92410164466,70.1007304837433,-76.36352933582792,-22909.05880074838,170.9442721600768,11983.318350433206,359499550.5129962,2.864361958998006,-4.986811004252041,0.4964189463580315,0.5035810536419685,0.0,286686.36424703454,610726.6725041971,0.0,67.27843676793218,273.1357354935669,0.0
BTCUSDC,Fixed volumes with 1 unit thresholds (v2),0,40000,-1.1460484598971423,447714.9848389202,70.43766920454111,-80.72498231060871,-32289.99292424348,163.88503847831936,11543.68012790935,461747205.116374,2.885475572748727,-5.046288227750077,0.49172414433315076,0.5082758556668492,0.0,287449.52396413067,602761.493021807,0.0,64.07479705493675,260.4450167114131,0.0
BTCUSDC,Fixed volumes with 1 unit thresholds (v2),0,50000,-1.2381537256569257,449627.29067006183,70.13809138009204,-86.84173915272686,-43420.86957636343,158.59079607738022,11123.255747316834,556162787.3658417,2.8573893397100365,-5.136929251457745,0.4876932888449345,0.5123067111550654,0.0,284582.3030688145,606742.8057667605,0.0,61.32197479389747,251.18640398354623,0.0
BTCUSDC,Fixed volumes with 1 unit thresholds (v2),0,60000,-1.3463653453050106,453726.6762963785,69.50439911846927,-93.57831431935514,-56146.98859161309,155.32261334316254,10795.60490992685,647736294.595611,2.854316179817073,-5.227555269633304,0.48023405823811277,0.5197659417618872,0.0,289212.0861831334,605728.7658939633,0.0,59.80205315168378,243.57815796471945,0.0
BTCUSDC,Fixed volumes with 1 unit thresholds (v2),0,70000,-1.4095138839679098,451779.4424819758,69.80397298900593,-98.3896690841248,-68872.76835888736,151.7246010210183,10590.979951438861,741368596.6007203,2.8405747522075524,-5.268809491993008,0.4759048889297705,0.5240951110702295,0.0,284070.878658085,604067.3073242888,0.0,57.913796435888514,236.9095599978939,0.0
BTCUSDC,Fixed volumes with 1 unit thresholds (v2),0,80000,-1.4589951140226451,457732.7076542779,68.89610349588324,-100.51907837569213,-80415.2627005537,148.2572944052396,10214.349899363018,817147991.9490415,2.855813904804558,-5.363682320369198,0.4750518887505189,0.5249481112494812,0.0,286620.2668901899,612580.942044933,0.0,56.12396597926133,231.6333667211415,0.0
BTCUSDC,Fixed volumes with 1 unit thresholds (v2),0,90000,-1.5087594606225707,451132.1345551467,69.90413137183651,-105.46851954386138,-94921.66758947523,145.23557421156283,10152.5666595492,913730999.359428,2.8550153827861884,-5.383726316701673,0.47033479109072923,0.5296652089092708,0.0,280781.78304371925,602400.7012698692,0.0,53.73453902103401,226.4871262240997,0.0
