symbol,conf,only_side,test_volume_usd,target_perc,average_pnl_pct,average_position_duration_s,positions_per_year,cost_per_year_pct,cost_per_year_usd,avg_chases_per_position,avg_turnover_per_usd,avg_turnover_per_year,avg_pos_pnl_pct,avg_neg_pnl_pct,positive_share,negative_share,zero_share,avg_pos_duration_s,avg_neg_duration_s,avg_zero_duration_s,avg_chases_pos,avg_chases_neg,avg_chases_zero
BTCUSDC,Fixed volumes with 0.1% percent thresholds (v2),0,10000,1,-0.3532772912707775,23718.836246084447,1329.576193064954,-469.70907602409926,-46970.90760240993,51.84320804912687,68929.49519423248,689294951.9423249,0.5524809233726421,-1.335765708808106,0.5203178444982297,0.47968215550177024,0.0,10982.559887293484,37534.05072911606,0.0,18.585877807571432,87.917892476257,0.0
BTCUSDC,Fixed volumes with 0.1% percent thresholds (v2),0,10000,2,-0.5350234339805081,79196.83670416258,398.197722439367,-213.04511286272736,-21304.511286272736,95.52949056936366,38039.6255705136,380396255.705136,1.112683784354823,-2.437311948371274,0.5358565636725341,0.46414343632746596,0.0,40878.65657578691,123435.42056143796,0.0,34.84086957339023,165.59489138219146,0.0
BTCUSDC,Fixed volumes with 0.1% percent thresholds (v2),0,10000,3,-0.7472294713047933,173896.87544141617,181.34885931647526,-135.50921226877716,-13550.921226877717,141.16196781534953,25599.56184218263,255995618.4218263,1.670969146802697,-3.7506557381008916,0.5539716100903774,0.44602838990962257,0.0,91285.51538340317,276500.99028793175,0.0,51.48342138823101,252.54359705393205,0.0
BTCUSDC,Fixed volumes with 0.1% percent thresholds (v2),0,10000,4,-0.832305128130056,294057.23148780956,107.24442939369561,-89.26008854775456,-8926.008854775457,181.245153008154,19437.53301473253,194375330.1473253,2.232194073758892,-4.721241656320155,0.5592827314657425,0.44071726853425747,0.0,164139.58584744702,458926.41385725955,0.0,67.703168094063,325.33315679795527,0.0
BTCUSDC,Fixed volumes with 0.1% percent thresholds (v2),0,10000,5,-0.8080851593396772,435075.24952127296,72.48401290282557,-58.57325511615902,-5857.325511615902,217.90257170361994,15794.452818924061,157944528.1892406,2.7964680250897045,-5.543975847505566,0.567822379780878,0.432177620219122,0.0,254906.2523214298,671792.7100433594,0.0,84.06205597416577,393.75073365625997,0.0
BTCUSDC,Fixed volumes with 0.1% percent thresholds (v2),0,30000,1,-0.4435271883612144,23875.933750732725,1320.8279236003575,-585.8230952634475,-175746.92857903425,46.84568405336753,61875.087597847814,1856252627.9354343,0.5431224471628213,-1.4018111584398312,0.49270780622955257,0.5072921937704474,0.0,10928.56143200838,36451.07582848085,0.0,16.0733555006457,76.73332411559049,0.0
BTCUSDC,Fixed volumes with 0.1% percent thresholds (v2),0,30000,2,-0.6959446136408404,79464.01342700455,396.85888794138106,-276.191805438298,-82857.5416314894,86.33854860519857,34264.22038593198,1027926611.5779593,1.099208572026678,-2.567266163115489,0.5103871387789853,0.48961286122101466,0.0,40281.26352822616,120309.28771260523,0.0,29.951486129782452,145.11811458557094,0.0
BTCUSDC,Fixed volumes with 0.1% percent thresholds (v2),0,30000,3,-0.9910462902356038,173844.3686421268,181.40363272232017,-179.7793972447174,-53933.81917341522,127.78454327831676,23180.5803564492,695417410.6934761,1.6564084240832069,-3.9815369877042706,0.5304220738314225,0.4695779261685776,0.0,89181.25469923703,269477.4509742209,0.0,44.039734344269306,222.38033399158581,0.0
BTCUSDC,Fixed volumes with 0.1% percent thresholds (v2),0,30000,4,-1.158065213899448,293963.61244787957,107.2785836906648,-124.23559596855958,-37270.67879056788,164.2407561688656,17619.51570607972,528585471.18239164,2.220114688329319,-5.035154547121249,0.5343825580279827,0.4656174419720173,0.0,159632.2904073416,448133.77237848094,0.0,57.751802333821516,286.4566235794222,0.0
BTCUSDC,Fixed volumes with 0.1% percent thresholds (v2),0,30000,5,-1.173636148347996,434828.17480226303,72.52519921079382,-85.11819545992718,-25535.458637978154,197.0319585007374,14289.78204115884,428693461.2347652,2.7751971299074514,-5.8604738798838865,0.5427300005085693,0.4572699994914306,0.0,247078.0340304731,657667.2722936504,0.0,72.17552967193606,345.22302670359124,0.0
BTCUSDC,Fixed volumes with 0.1% percent thresholds (v2),0,50000,1,-0.49075635217286906,23829.051864084373,1323.4265542697356,-649.479988142125,-324739.9940710625,43.82028678067183,57992.93114125616,2899646557.062808,0.5343564092710257,-1.4352609792996052,0.47953710837827834,0.5204628916217217,0.0,10743.886503761203,35885.28576769492,0.0,14.709130176218348,70.64233324040875,0.0
BTCUSDC,Fixed volumes with 0.1% percent thresholds (v2),0,50000,2,-0.7957620439100735,79089.71905160017,398.73703406918287,-317.29979721353357,-158649.89860676677,80.91508671941241,32263.841689949233,1613192084.4974616,1.0875870183509384,-2.6589051116209887,0.49730334485578537,0.5026966551442146,0.0,39619.07879712075,118136.88839574641,0.0,27.40209638529907,133.85394918062238,0.0
BTCUSDC,Fixed volumes with 0.1% percent thresholds (v2),0,50000,3,-1.1166110322841494,173598.73395839502,181.66031099949134,-202.84390739020165,-101421.95369510082,119.11178394334729,21637.883714852687,1081894185.7426343,1.6452604292741853,-4.046825080505864,0.5147874260123233,0.4852125739876767,0.0,87880.90385698715,264541.2681936808,0.0,40.06885039864891,202.97257091662934,0.0
BTCUSDC,Fixed volumes with 0.1% percent thresholds (v2),0,50000,4,-1.3325202378695489,294593.76657403196,107.04910822366278,-142.64510315391823,-71322.55157695911,153.75137705166787,16458.947801541177,822947390.0770588,2.2102787427473602,-5.190235515254732,0.5212766495536278,0.4787233504463721,0.0,158097.1256128625,443223.474335767,0.0,52.611242104037494,263.88176996386534,0.0
BTCUSDC,Fixed volumes with 0.1% percent thresholds (v2),0,50000,5,-1.395679828557743,433693.571078333,72.71493538995537,-101.48676855864026,-50743.384279320126,184.12157522033726,13388.388446043633,669419422.3021816,2.7528167524758587,-6.0671082295561325,0.5296449131387233,0.4703550868612767,0.0,246189.4865530376,644833.1703633429,0.0,65.64526182139971,317.53222277581614,0.0
BTCUSDC,Fixed volumes with 0.1% percent thresholds (v2),0,70000,1,-0.525416256026668,23704.60700842985,1330.3743018724226,-699.0002848039005,-489300.1993627304,41.37175151388182,55039.915037519866,3852794052.6263905,0.5283288818187333,-1.4595952133460421,0.4699268747693014,0.5300731252306986,0.0,10749.935419987263,35189.340045159406,0.0,13.737692389342957,65.87023374863553,0.0
BTCUSDC,Fixed volumes with 0.1% percent thresholds (v2),0,70000,2,-0.8489623156929558,79345.97565094182,397.44926874089896,-337.4194515607455,-236193.61609252184,76.48822529127709,30400.189209307213,2128013244.651505,1.082307465268514,-2.6933000943014136,0.48848768032939915,0.5115123196706008,0.0,39424.77283910421,117470.21041047241,0.0,25.516548219155442,125.16552071105149,0.0
BTCUSDC,Fixed volumes with 0.1% percent thresholds (v2),0,70000,3,-1.229246502713277,173935.09920314682,181.30900631601475,-222.8734619243806,-156011.42334706642,113.38375973303671,20557.49680957065,1439024776.6699455,1.6332122550780077,-4.166641334087517,0.5064601694190126,0.49353983058098744,0.0,88343.95859946535,261766.92327270136,0.0,37.54169523866313,191.2112874275924,0.0
BTCUSDC,Fixed volumes with 0.1% percent thresholds (v2),0,70000,4,-1.4409110706112171,293745.52486561646,107.35823129365862,-154.69366399227232,-108285.56479459062,145.26327909430287,15595.208715481453,1091664610.0837016,2.194160257640262,-5.293605856050282,0.5145319347508521,0.4854680652491479,0.0,156759.83718585188,438932.23427125416,0.0,48.99537662286452,247.29452205075697,0.0
BTCUSDC,Fixed volumes with 0.1% percent thresholds (v2),0,70000,5,-1.5476255686945848,434003.1110353836,72.66307360047684,-112.45523060403443,-78718.6614228241,174.34323184059372,12668.315086978058,886782056.0884641,2.744192236273276,-6.2191542973190215,0.5211813144919433,0.47881868550805673,0.0,243437.4107838431,641428.7716459162,0.0,60.91629930168143,297.80540988131384,0.0
BTCUSDC,Fixed volumes with 0.1% percent thresholds (v2),0,90000,1,-0.5543974062348238,23742.97971630245,1328.2241899211451,-736.3640457906329,-662727.6412115697,39.68863329499425,52715.40280732112,4744386252.658901,0.5236469753722919,-1.4826493018727052,0.4626694004100615,0.5373305995899385,0.0,10689.043489904887,34983.093068245704,0.0,13.073735408560312,62.60543508608655,0.0
BTCUSDC,Fixed volumes with 0.1% percent thresholds (v2),0,90000,2,-0.8951789144132212,79166.03755697877,398.3526392526891,-356.5968831598637,-320937.19484387734,73.09699302526583,29118.380093050047,2620654208.374504,1.0763044872736023,-2.735641285926341,0.4828144157906374,0.5171855842093627,0.0,39387.17435132492,116301.27331343155,0.0,24.154638746071065,118.78673169973378,0.0
BTCUSDC,Fixed volumes with 0.1% percent thresholds (v2),0,90000,3,-1.2934314835731893,174040.2081029039,181.1995075376712,-234.36914785718133,-210932.23307146318,108.40941285831204,19643.73222237422,1767935900.0136797,1.6288686494682127,-4.2140785816601944,0.4998585444221034,0.5001414555778966,0.0,87544.8004311169,260486.68858522817,0.0,35.360035576038726,181.41746886332186,0.0
BTCUSDC,Fixed volumes with 0.1% percent thresholds (v2),0,90000,4,-1.529513760746138,292856.96337378386,107.68396843529881,-164.7041115335423,-148233.70038018806,138.57012910055053,14921.781408138964,1342960326.7325068,2.1840362240619475,-5.365069573051728,0.50808081319672,0.49191918680327995,0.0,155644.36557188712,434577.57550331525,0.0,46.33238633531705,233.83827193542407,0.0
BTCUSDC,Fixed volumes with 0.1% percent thresholds (v2),0,90000,5,-1.6580309921149896,433533.5064768662,72.74178242018485,-120.60812967435179,-108547.31670691661,166.74398989487412,12129.255032806434,1091632952.952579,2.730074159864407,-6.302573989337497,0.5141950533778828,0.4858049466221172,0.0,241353.34289778618,636944.5465595454,0.0,57.711871625971966,282.1478701208836,0.0
BTCUSDC,Fixed volumes with 0.1% percent thresholds (separate sides) (v2),-1,10000,1,-0.013979977049704235,467.5015854882531,67456.45571889168,-943.0397028044957,-94303.97028044958,2.0,134912.91143778336,1349129114.3778336,0.2082838784998276,-0.045278576669504876,0.12329657450322305,0.8759256299611102,0.0007777955356667199,1130.8163307120635,374.507345493249,45.285671232876716,2.0,2.0,2.0
BTCUSDC,Fixed volumes with 0.1% percent thresholds (separate sides) (v2),-1,10000,2,-0.014193175686124933,857.6230451873273,36771.39994892711,-521.9029396998878,-52190.29396998879,2.0,73542.79989785422,735427998.9785422,0.23507533678366455,-0.04584096625898765,0.11256580550171068,0.8868622030146069,0.000571991483682354,2176.1303729180386,690.8021996392997,32.896055555555556,2.0,2.0,2.0
BTCUSDC,Fixed volumes with 0.1% percent thresholds (separate sides) (v2),-1,10000,3,-0.01311144080737904,1259.314907782567,25042.18746646093,-328.3391586537918,-32833.91586537918,2.0,50084.37493292186,500843749.3292186,0.2598773192326613,-0.04607892341860849,0.10764701521778268,0.891654046955914,0.0006989378263033602,3527.08840304968,986.4649817454098,69.92843939393939,2.0,2.0,2.0
BTCUSDC,Fixed volumes with 0.1% percent thresholds (separate sides) (v2),-1,10000,4,-0.013956595267640221,1566.514106324308,20131.32206897041,-280.9647143191336,-28096.471431913356,2.0,40262.64413794082,402626441.3794082,0.25440610515278633,-0.045875019116826316,0.10620764262305514,0.8932196379140285,0.0005727194629164148,4374.311838625923,1233.630906624396,44.360481481481486,2.0,2.0,2.0
BTCUSDC,Fixed volumes with 0.1% percent thresholds (separate sides) (v2),-1,10000,5,-0.013775299783217777,2076.410983397663,15187.7447442496,-209.21573688302843,-20921.573688302844,2.0,30375.4894884992,303754894.884992,0.26704305088062646,-0.04594098672028861,0.10267012108073811,0.8966425210172897,0.0006873579019721884,6407.470910701411,1582.0419593471006,42.30458461538462,2.0,2.0,2.0
BTCUSDC,Fixed volumes with 0.1% percent thresholds (separate sides) (v2),-1,30000,1,-0.02033982817069332,504.4418593864095,62516.619929915425,-1271.5773071870212,-381473.1921561064,2.0,125033.23985983085,3750997195.7949257,0.24960585864854226,-0.05286349903114561,0.10743652969002995,0.892044913379827,0.0005185569301429736,1308.4043933215128,407.8808859085085,45.05271428571428,2.0,2.0,2.0
BTCUSDC,Fixed volumes with 0.1% percent thresholds (separate sides) (v2),-1,30000,2,-0.0201905063427599,891.0532398973565,35391.824627261034,-714.5788596185599,-214373.65788556798,2.0,70783.64925452207,2123509477.635662,0.29574749635792225,-0.05361460485122915,0.09559205573287242,0.9038883645964775,0.0005195796706501108,2612.451902052135,709.49895301667,30.3009387755102,2.0,2.0,2.0
BTCUSDC,Fixed volumes with 0.1% percent thresholds (separate sides) (v2),-1,30000,3,-0.019726795110404448,1366.2191635188128,23082.68017466273,-455.34730240456645,-136604.19072136993,2.0,46165.36034932546,1384960810.479764,0.32392967011035473,-0.05386088533737438,0.09028086910439852,0.909220985691574,0.000498145204027557,4471.701099084293,1058.5875877367837,40.25323404255319,2.0,2.0,2.0
BTCUSDC,Fixed volumes with 0.1% percent thresholds (separate sides) (v2),-1,30000,4,-0.019863210507027912,1670.060153176105,18883.15216671994,-375.08002652379844,-112524.00795713953,2.0,37766.30433343988,1132989130.0031965,0.34557470320975614,-0.05445557158845743,0.08639808873431504,0.9130416397983022,0.0005602714673826866,6423.956117704638,1220.121209422144,1822.6034150943399,2.0,2.0,2.0
BTCUSDC,Fixed volumes with 0.1% percent thresholds (separate sides) (v2),-1,30000,5,-0.021765070948252297,2126.1444758524085,14832.482156395636,-322.83002647263726,-96849.00794179118,2.0,29664.96431279127,889948929.3837382,0.3174507479635063,-0.054056310268246394,0.08684855623826049,0.9126632920526779,0.0004881517090615814,8466.52434457478,1523.9197440089301,27.55245652173913,2.0,2.0,2.0
BTCUSDC,Fixed volumes with 0.1% percent thresholds (separate sides) (v2),-1,50000,1,-0.024099598571202988,531.4292069440792,59341.864519159644,-1430.115113378461,-715057.5566892305,2.0,118683.72903831929,5934186451.915964,0.2892265339534888,-0.05874838546784778,0.09953180072597191,0.9002262086380136,0.00024199063601451943,1533.1687019027486,420.80781082723644,32.83234782608696,2.0,2.0,2.0
BTCUSDC,Fixed volumes with 0.1% percent thresholds (separate sides) (v2),-1,50000,2,-0.02435346760521653,995.0592874565014,31692.58394704304,-771.8243164799181,-385912.1582399591,2.0,63385.16789408608,3169258394.704304,0.3531660875626885,-0.05915533397504033,0.08436372867372519,0.9153506869889891,0.00028558433728567955,3380.994756394183,775.4562129651028,40.569148148148145,2.0,2.0,2.0
BTCUSDC,Fixed volumes with 0.1% percent thresholds (separate sides) (v2),-1,50000,3,-0.024114662154428645,1397.8273251735745,22560.7265161196,-544.0442978946842,-272022.14894734207,2.0,45121.4530322392,2256072651.61196,0.3901127903733336,-0.059612563114182775,0.07889753839680202,0.9208394698085419,0.00026299179465600676,5281.425519733333,1065.473212337922,23.059639999999998,2.0,2.0,2.0
BTCUSDC,Fixed volumes with 0.1% percent thresholds (separate sides) (v2),-1,50000,4,-0.0230771375109877,1845.01797632992,17092.516389857024,-394.4463511375416,-197223.1755687708,2.0,34185.03277971405,1709251638.9857025,0.41705807959183694,-0.06025194379889929,0.07784120394395433,0.9218198955762896,0.00033890047975599166,8169.0282829931975,1311.5848058616057,253.794125,2.0,2.0,2.0
BTCUSDC,Fixed volumes with 0.1% percent thresholds (separate sides) (v2),-1,50000,5,-0.02308707865311161,2213.6922187371065,14245.88284363715,-328.89581769406414,-164447.90884703206,2.0,28491.7656872743,1424588284.363715,0.4166743990460619,-0.06012018630762511,0.07762697161717567,0.922023929164595,0.00034909921822932644,9742.271459116924,1580.671345372771,35.47448484848485,2.0,2.0,2.0
BTCUSDC,Fixed volumes with 0.1% percent thresholds (separate sides) (v2),-1,70000,1,-0.02928852118845936,550.0833382451655,57329.49501907071,-1679.0961295897278,-1175367.2907128094,2.0,114658.99003814142,8026129302.669899,0.30836704736555,-0.06354513754303354,0.09206755100953598,0.9076873901230622,0.00024505886740184326,1603.0178438838097,443.42314304327925,31.89317391304348,2.0,2.0,2.0
BTCUSDC,Fixed volumes with 0.1% percent thresholds (separate sides) (v2),-1,70000,2,-0.029390328197151438,1002.7146070304526,31450.623915207656,-924.3441588731329,-647040.911211193,1.9999999999999998,62901.247830415305,4403087348.129071,0.3882751136742258,-0.06450028697432471,0.07750297720313032,0.9222099353521606,0.0002870874447090847,3671.3453285773085,778.7432745122908,33.53988888888889,2.0,2.0,2.0
BTCUSDC,Fixed volumes with 0.1% percent thresholds (separate sides) (v2),-1,70000,3,-0.026169639214044846,1464.4941385292293,21533.715410886627,-563.5295632408205,-394470.69426857436,2.0,43067.430821773254,3014720157.524128,0.458688508542714,-0.06444268966326651,0.07313948482080039,0.9266819981308215,0.0001785170483781201,6362.294634601579,1078.2027945425905,45.18694117647059,2.0,2.0,2.0
BTCUSDC,Fixed volumes with 0.1% percent thresholds (separate sides) (v2),-1,70000,4,-0.02811717644410227,1942.533006537896,16234.473182108466,-456.46754693839017,-319527.2828568731,2.0,32468.946364216932,2272826245.4951854,0.4567078443414874,-0.06421863120631137,0.06927614626147326,0.9305108929446089,0.00021296079391783972,9242.85190577928,1399.4577997780013,61.60350000000001,2.0,2.0,2.0
BTCUSDC,Fixed volumes with 0.1% percent thresholds (separate sides) (v2),-1,70000,5,-0.029461174438700378,2277.940343677565,13844.08511290839,-407.8630064556091,-285504.10451892635,1.9999999999999998,27688.170225816775,1938171915.8071742,0.4400957535886201,-0.0650207590738779,0.07036335347847715,0.929361458917666,0.0002751876038568601,9435.614770908544,1736.6821399774506,48.69034615384615,2.0,2.0,2.0
BTCUSDC,Fixed volumes with 0.1% percent thresholds (separate sides) (v2),-1,90000,1,-0.03102474614259221,593.9246223146223,53097.64710056809,-1647.3410220640721,-1482606.919857665,2.0,106195.29420113617,9557576478.102255,0.3426640227872396,-0.06750039427941244,0.08889599658830429,0.9109014339783571,0.0002025694333386641,1861.9395278244183,470.30193707717865,34.27721052631579,2.0,2.0,2.0
BTCUSDC,Fixed volumes with 0.1% percent thresholds (separate sides) (v2),-1,90000,2,-0.030967582138100337,1096.9768665982501,28748.099399574254,-890.2591294705887,-801233.2165235298,2.0,57496.19879914851,5174657891.923366,0.43814192823315157,-0.06858836767367339,0.07421788211893905,0.9256022598630963,0.00017985801796464203,4101.148986029936,856.2999857921749,28.203529411764706,2.0,2.0,2.0
BTCUSDC,Fixed volumes with 0.1% percent thresholds (separate sides) (v2),-1,90000,3,-0.029050054834714102,1589.7178784735872,19837.482126250092,-576.2799435502261,-518651.9491952035,2.0,39674.964252500184,3570746782.7250166,0.5032699109444618,-0.06878348514833885,0.06943455575273902,0.9303741644793471,0.0001912797679138816,6847.76607070707,1197.61643710523,77.8515,2.0,2.0,2.0
BTCUSDC,Fixed volumes with 0.1% percent thresholds (separate sides) (v2),-1,90000,4,-0.029885064073699702,2004.9811156304843,15728.826448364438,-470.05698621347375,-423051.28759212635,2.0,31457.652896728876,2831188760.705599,0.523281540220001,-0.0689623973409868,0.06596819656437802,0.9339148008296548,0.0001170026059671329,9445.601970977103,1479.6510305460013,32.397999999999996,2.0,2.0,2.0
BTCUSDC,Fixed volumes with 0.1% percent thresholds (separate sides) (v2),-1,90000,5,-0.0307697090902221,2459.915522052339,12819.952440354176,-394.46620714018087,-355019.5864261628,2.0,25639.904880708353,2307591439.2637515,0.5170761752417445,-0.06869101404134743,0.06470669485852715,0.9350276783152884,0.00026562682618443004,12026.89438686371,1798.5397561419059,39.470119999999994,2.0,2.0,2.0
BTCUSDC,Fixed volumes with 0.1% percent thresholds (separate sides) (v2),1,10000,1,-0.013906504077180474,500.31273193332487,63032.575401664384,-876.5627668184314,-87656.27668184314,2.0,126065.15080332877,1260651508.0332878,0.20588103792984258,-0.044647216215889685,0.12256957682043462,0.8766785275553861,0.0007518956241792689,1387.6970982374287,376.6456199098849,34.789901408450696,2.0,2.0,2.0
BTCUSDC,Fixed volumes with 0.1% percent thresholds (separate sides) (v2),1,10000,2,-0.013182184906455747,919.8738319156785,34282.96240836079,-451.9243496080834,-45192.434960808336,2.0,68565.92481672158,685659248.1672158,0.24239540270551485,-0.04526916294669341,0.11142028985507246,0.8877997364953887,0.0007799736495388669,2903.270237631255,671.7183356286358,50.33393243243243,2.0,2.0,2.0
BTCUSDC,Fixed volumes with 0.1% percent thresholds (separate sides) (v2),1,10000,3,-0.010976397605477924,1402.9026188329362,22479.108369071655,-246.73963127555686,-24673.963127555686,2.0,44958.21673814331,449582167.3814331,0.2782605459690227,-0.04570039279032336,0.10709424974481116,0.8922571452875128,0.0006486049676760803,4738.862745532168,1003.4867851993088,45.34988524590164,2.0,2.0,2.0
BTCUSDC,Fixed volumes with 0.1% percent thresholds (separate sides) (v2),1,10000,4,-0.010285443814979745,1878.7665263526414,16785.48108967146,-172.64612265522078,-17264.61226552208,2.0,33570.96217934292,335709621.7934292,0.2928892726628892,-0.04582990601392284,0.10485890091237005,0.8945576066199873,0.0005834924676426904,6545.674442836907,1332.9229385087935,30.754236363636362,2.0,2.0,2.0
BTCUSDC,Fixed volumes with 0.1% percent thresholds (separate sides) (v2),1,10000,5,-0.009775131704220806,2178.6392800486615,14475.090157786753,-141.49591272283584,-14149.591272283584,2.0,28950.180315573507,289501803.1557351,0.3009247613567533,-0.04618955899364809,0.1047921294827039,0.8943509996826404,0.0008568708346556648,8031.198786089239,1494.9155473072872,62.60311111111111,2.0,2.0,2.0
BTCUSDC,Fixed volumes with 0.1% percent thresholds (separate sides) (v2),1,30000,1,-0.019818122154237366,540.3666417905716,58360.37527316928,-1156.5930461308028,-346977.9138392408,1.9999999999999998,116720.75054633855,3501622516.3901563,0.25470081056053584,-0.05283536473644515,0.10727155523148295,0.8922106331040167,0.0005178116645003117,1647.2534659639446,407.55476274739726,74.36630612244898,2.0,2.0,2.0
BTCUSDC,Fixed volumes with 0.1% percent thresholds (separate sides) (v2),1,30000,2,-0.01986532257459049,1001.8706886162018,31477.116117208676,-625.3030653861917,-187590.91961585754,2.0,62954.23223441735,1888626967.0325205,0.30608664543019865,-0.05366544868320717,0.09388579017264276,0.9056573705179283,0.00045683930942895084,3721.260398664705,720.4529855358085,29.89932558139535,2.0,2.0,2.0
BTCUSDC,Fixed volumes with 0.1% percent thresholds (separate sides) (v2),1,30000,3,-0.01952343945811621,1532.7316089838625,20575.030758912228,-401.69536737050174,-120508.61021115052,2.0,41150.061517824455,1234501845.5347338,0.32995509090190484,-0.05381907480176034,0.08930916176034563,0.9102990385022661,0.00039179973738828413,6009.786703106473,1093.9709319025187,413.24354054054044,2.0,2.0,2.0
BTCUSDC,Fixed volumes with 0.1% percent thresholds (separate sides) (v2),1,30000,4,-0.016383739105384883,2062.577047728116,15289.610652235377,-250.500991949138,-75150.2975847414,2.0,30579.221304470753,917376639.1341226,0.366329650011953,-0.05366514590779078,0.08871215736175177,0.9108636869731191,0.00042415566512910236,8602.148133277551,1426.6011992689087,53.51967500000001,2.0,2.0,2.0
BTCUSDC,Fixed volumes with 0.1% percent thresholds (separate sides) (v2),1,30000,5,-0.017272757325367018,2426.280410718447,12997.673253546922,-224.50565590292956,-67351.69677087887,2.0,25995.346507093844,779860395.2128153,0.3654973110145973,-0.05415030336164716,0.08780906375135067,0.9116612640098307,0.0005296722388186191,9923.975481360838,1705.4660934707583,109.57816000000003,2.0,2.0,2.0
BTCUSDC,Fixed volumes with 0.1% percent thresholds (separate sides) (v2),1,50000,1,-0.023248055970157066,589.644185917363,53483.10176405213,-1243.3781432682902,-621689.0716341451,2.0,106966.20352810426,5348310176.405213,0.2964838491376573,-0.05863419335713861,0.09959218942643076,0.900081140605077,0.00032666996849215466,1881.4418634006981,446.91099885266055,34.00945161290323,2.0,2.0,2.0
BTCUSDC,Fixed volumes with 0.1% percent thresholds (separate sides) (v2),1,50000,2,-0.02393974467173099,1054.3752327059372,29909.655520896817,-716.029516389699,-358014.7581948495,2.0,59819.31104179363,2990965552.0896816,0.3541503374906831,-0.05926361447220307,0.08540932818401732,0.9143466451640283,0.0002440266519543352,4255.65994484472,755.6132129985263,40.03452173913043,2.0,2.0,2.0
BTCUSDC,Fixed volumes with 0.1% percent thresholds (separate sides) (v2),1,50000,3,-0.0218952098853126,1572.1864803445908,20058.6892167448,-439.189210424884,-219594.605212442,2.0,40117.3784334896,2005868921.67448,0.4045875309335747,-0.05983309726399663,0.08163416309920195,0.9179430262671107,0.00042281063368743724,7192.8445790495925,1072.8333954422974,484.13905000000005,2.0,2.0,2.0
BTCUSDC,Fixed volumes with 0.1% percent thresholds (separate sides) (v2),1,50000,4,-0.02194393246031235,2109.52921520071,14949.307064704257,-328.04658455634046,-164023.29227817024,2.0,29898.614129408514,1494930706.4704256,0.4188697364778193,-0.05983768152860382,0.07910034455788784,0.9204346079861331,0.0004650474559790306,9678.969239176911,1460.0720243667183,39.97879545454546,2.0,2.0,2.0
BTCUSDC,Fixed volumes with 0.1% percent thresholds (separate sides) (v2),1,50000,5,-0.021724883696651313,2636.17759258007,11962.775227573042,-259.88990050820576,-129944.95025410288,2.0,23925.550455146084,1196277522.7573042,0.43437398726324444,-0.05979574955732943,0.07698891554043344,0.9225884167925864,0.0004226676669801452,12320.844758989844,1829.1854231425596,56.385875,2.0,2.0,2.0
BTCUSDC,Fixed volumes with 0.1% percent thresholds (separate sides) (v2),1,70000,1,-0.027217030051526394,620.1942422331949,50848.585576101446,-1383.9474817023647,-968763.2371916553,2.0,101697.17115220289,7118801980.654202,0.3179804223748677,-0.06327584872493766,0.09453674663049928,0.9052089514283292,0.0002543019411714843,1998.637574871105,476.3785558937142,107.80550000000001,2.0,2.0,2.0
BTCUSDC,Fixed volumes with 0.1% percent thresholds (separate sides) (v2),1,70000,2,-0.027437621519886407,1143.0969381802443,27588.211416438404,-756.9549032548462,-529868.4322783924,2.0,55176.42283287681,3862349598.3013763,0.3910073340748494,-0.06418114965267456,0.08067393668119965,0.9189882504460185,0.0003378128727817834,4647.327571839832,835.8750875558569,57.2613125,2.0,2.0,2.0
BTCUSDC,Fixed volumes with 0.1% percent thresholds (separate sides) (v2),1,70000,3,-0.02890859536872174,1655.39484837049,19050.43985792446,-550.721457448907,-385505.0202142349,2.0,38100.87971584892,2667061580.109424,0.4205547726197392,-0.06420289284736785,0.07277032526770896,0.9269442594530598,0.0002854152792312815,7384.588236635677,1206.123497206003,23.50433333333333,2.0,2.0,2.0
BTCUSDC,Fixed volumes with 0.1% percent thresholds (separate sides) (v2),1,70000,4,-0.025291370286395047,2153.4268755824096,14644.565068628515,-370.3811178338901,-259266.78248372304,2.0,29289.13013725703,2050239109.6079922,0.4847150477041956,-0.06451626226379262,0.07138906027274855,0.9283662744931175,0.00024466523413399147,10400.114048278945,1519.8306195343291,53.20260869565217,2.0,2.0,2.0
BTCUSDC,Fixed volumes with 0.1% percent thresholds (separate sides) (v2),1,70000,5,-0.02457711130802038,2720.924697816075,11590.177422150668,-284.85308058390166,-199397.15640873116,2.0,23180.354844301335,1622624839.1010935,0.49657472361176314,-0.06444911220012267,0.07103593182927606,0.9286669355009869,0.0002971326697370376,14102.692590230057,1851.167018694579,30.915535714285713,2.0,2.0,2.0
BTCUSDC,Fixed volumes with 0.1% percent thresholds (separate sides) (v2),1,90000,1,-0.03148848573367721,639.3754012237855,49323.13620392505,-1553.1108706975122,-1397799.783627761,2.0,98646.2724078501,8878164516.706509,0.3350022106613754,-0.06727238561734483,0.08892558833804427,0.9109050295889309,0.00016938207302484625,2237.731149880952,483.45253826486135,26.5288125,2.0,2.0,2.0
BTCUSDC,Fixed volumes with 0.1% percent thresholds (separate sides) (v2),1,90000,2,-0.029908562215111983,1216.4663875883043,25924.267469914597,-775.3575665051445,-697821.80985463,2.0,51848.534939829195,4666368144.584627,0.44809456301182143,-0.06792600374872027,0.07364230578346585,0.926114824553067,0.00024286966346712284,5411.355416690565,883.1951663436105,88.77504347826088,2.0,2.0,2.0
BTCUSDC,Fixed volumes with 0.1% percent thresholds (separate sides) (v2),1,90000,3,-0.02855664097935507,1747.4699720993574,18046.662033404562,-515.352048563692,-463816.84370732284,2.0,36093.324066809124,3248399166.012821,0.5057577622794103,-0.06837132010735071,0.06932407182594559,0.9304753560155813,0.00020057215847311805,8364.338961169484,1254.8407231430745,107.53521052631578,2.0,2.0,2.0
BTCUSDC,Fixed volumes with 0.1% percent thresholds (separate sides) (v2),1,90000,4,-0.030029200760325177,2226.46423312903,14164.16196171268,-425.3384631500314,-382804.6168350282,2.0,28328.32392342536,2549549153.1082826,0.5151701288719062,-0.06901973529698222,0.0667190703306742,0.9330791047471346,0.00020182492219118133,11953.494579366345,1531.4142056784417,37.614578947368415,2.0,2.0,2.0
BTCUSDC,Fixed volumes with 0.1% percent thresholds (separate sides) (v2),1,90000,5,-0.030631931950993778,2724.8028074578356,11573.681557316877,-354.52422588620226,-319071.803297582,2.0,23147.363114633754,2083262680.3170378,0.5279240115634347,-0.0692908059294428,0.06470113428777773,0.9350333489103191,0.0002655168019032244,13982.019513788573,1946.5813650654823,119.73848,2.0,2.0,2.0
BTCUSDC,Fixed volumes with 1 unit thresholds (separate sides) (v2),-1,10000,1,-0.013624340760968048,477.11703009098767,66096.99090805036,-900.527927405885,-90052.79274058848,2.0,132193.9818161007,1321939818.1610072,0.20992760639765518,-0.04522152282390203,0.12371331960874249,0.8755826728818441,0.0007040075094134337,1206.9139917227108,374.35927280258267,32.95560606060606,2.0,2.0,2.0
BTCUSDC,Fixed volumes with 1 unit thresholds (separate sides) (v2),-1,10000,2,-0.014901383936321,849.3530276266487,37129.437317862044,-553.280000813027,-55328.00008130269,1.9999999999999998,74258.87463572407,742588746.3572408,0.23605884220660497,-0.045930106979234796,0.1099455934966234,0.8895039905159091,0.0005504159874674514,2161.668476075864,687.6240210983519,77.74726923076923,2.0,2.0,2.0
BTCUSDC,Fixed volumes with 1 unit thresholds (separate sides) (v2),-1,10000,3,-0.014177769915461661,1263.4917305849535,24959.40356127215,-353.8686809188709,-35386.86809188709,2.0,49918.8071225443,499188071.225443,0.25378726376897937,-0.046412215375986006,0.10729115649155682,0.892155192606631,0.000553650901812142,3392.662683834474,1007.6701664339503,886.5807500000002,2.0,2.0,2.0
BTCUSDC,Fixed volumes with 1 unit thresholds (separate sides) (v2),-1,10000,4,-0.012741655327562093,1642.9298963556696,19194.97604246708,-244.5757687539274,-24457.57687539274,2.0,38389.95208493416,383899520.8493416,0.26882407135698594,-0.04639528777900171,0.10663674254568772,0.8925082825691996,0.0008549748851127498,5072.00254539988,1234.7692457371395,30.746924999999997,2.0,2.0,2.0
BTCUSDC,Fixed volumes with 1 unit thresholds (separate sides) (v2),-1,10000,5,-0.012189280963118804,1979.928889356745,15927.844767316701,-194.14897500576492,-19414.897500576495,2.0,31855.689534633402,318556895.34633404,0.2807755368713364,-0.04619448792189804,0.10391039958961644,0.8954483760994325,0.0006412243109510425,7166.898778977681,1379.4123761636508,32.75173333333334,2.0,2.0,2.0
BTCUSDC,Fixed volumes with 1 unit thresholds (separate sides) (v2),-1,30000,1,-0.019720998935354672,499.2394487479772,63168.08513247077,-1245.7377396458494,-373721.3218937548,2.0,126336.17026494154,3790085107.948246,0.25629054333366125,-0.053272462883104534,0.10830636232007496,0.8912464866706413,0.0004471510092837067,1363.326048461614,394.4328575370611,102.12495238095237,2.0,2.0,2.0
BTCUSDC,Fixed volumes with 1 unit thresholds (separate sides) (v2),-1,30000,2,-0.02089319314487004,913.6148136856009,34517.82909778034,-721.1876702815398,-216356.3010844619,1.9999999999999998,69035.65819556067,2071069745.86682,0.29175694255816575,-0.05371156403786469,0.09493262879788639,0.9046552179656538,0.00041215323645970935,2698.9135574974957,726.6628027872854,49.880794871794876,2.0,2.0,2.0
BTCUSDC,Fixed volumes with 1 unit thresholds (separate sides) (v2),-1,30000,3,-0.020264467241586998,1383.9035807405203,22787.71472151639,-461.7808984847987,-138534.2695454396,2.0,45575.42944303278,1367262883.2909834,0.3214574439058993,-0.05406922789358203,0.08994917164671104,0.9095616852044831,0.0004891431488058527,4849.314195767821,1041.560684265289,711.6414782608697,2.0,2.0,2.0
BTCUSDC,Fixed volumes with 1 unit thresholds (separate sides) (v2),-1,30000,4,-0.02099070328703699,1784.8248061752133,17668.961060430356,-370.8839190097041,-111265.17570291122,2.0,35337.92212086071,1060137663.6258214,0.3244945832821147,-0.05389595662878121,0.08691239316239316,0.9127457264957265,0.0003418803418803419,6612.35561942225,1325.7953778750598,44.13675,2.0,2.0,2.0
BTCUSDC,Fixed volumes with 1 unit thresholds (separate sides) (v2),-1,30000,5,-0.020091493779168346,2100.9228891036664,15010.546157386318,-301.58429474304654,-90475.28842291396,2.0,30021.092314772635,900632769.443179,0.3376656303067489,-0.054224046367923856,0.08703824342941359,0.9125345750077427,0.0004271815628437477,7563.609111165644,1580.5055268880124,781.163875,2.0,2.0,2.0
BTCUSDC,Fixed volumes with 1 unit thresholds (separate sides) (v2),-1,50000,1,-0.024591047129748096,532.4422165492958,59228.96235460371,-1456.5022047081357,-728251.1023540678,2.0,118457.92470920742,5922896235.460371,0.28708446326684656,-0.058841982655563244,0.09896500213401623,0.9007575757575758,0.0002774221084080239,1570.3426022641509,418.5641860007819,30.264653846153845,2.0,2.0,2.0
BTCUSDC,Fixed volumes with 1 unit thresholds (separate sides) (v2),-1,50000,2,-0.024882737527890268,982.7576590988398,32089.29455601251,-798.4694938924174,-399234.7469462087,2.0,64178.58911202502,3208929455.601251,0.34015179197439716,-0.059206857421572154,0.08590734611439509,0.9138177165395963,0.00027493734600864995,3246.157579148203,770.2649604475969,25.857230769230764,2.0,2.0,2.0
BTCUSDC,Fixed volumes with 1 unit thresholds (separate sides) (v2),-1,50000,3,-0.02393180533861116,1403.3288111693591,22472.281441811083,-537.802264979907,-268901.13248995354,2.0,44944.562883622166,2247228144.1811085,0.39564141739363884,-0.06029222682714098,0.07971541671124426,0.9200278164116829,0.0002567668770728576,5226.85696872903,1072.3959394964822,130.995375,2.0,2.0,2.0
BTCUSDC,Fixed volumes with 1 unit thresholds (separate sides) (v2),-1,50000,4,-0.023464938862518964,1833.4343984467707,17200.50634302287,-403.60882974340126,-201804.41487170063,2.0,34401.01268604574,1720050634.3022869,0.40384839812105794,-0.06011195733075561,0.07894346499406679,0.9207174944905916,0.0003390405153415833,7182.1972681519255,1375.4851763040701,40.09725,2.0,2.0,2.0
BTCUSDC,Fixed volumes with 1 unit thresholds (separate sides) (v2),-1,50000,5,-0.021756757187539784,2263.2058692816718,13934.216249628824,-303.1633595418456,-151581.67977092278,2.0,27868.432499257648,1393421624.9628823,0.4358458335183134,-0.059775091525775245,0.07668411421762628,0.9231137495212562,0.00020213626111749436,10502.779989039955,1579.2259294563728,21.371315789473687,2.0,2.0,2.0
BTCUSDC,Fixed volumes with 1 unit thresholds (separate sides) (v2),-1,70000,1,-0.0285817965092249,565.0858457764165,55807.449851571095,-1595.0771753563783,-1116554.0227494647,2.0,111614.89970314219,7813042979.219954,0.3138780697149358,-0.0638012378525251,0.09320390407257081,0.9065099668302194,0.00028612909720971146,1734.4394570778854,445.0146118118796,66.87892592592594,2.0,2.0,2.0
BTCUSDC,Fixed volumes with 1 unit thresholds (separate sides) (v2),-1,70000,2,-0.027656923180881032,1035.2045924959914,30463.543369686235,-842.52787879285,-589769.5151549949,2.0,60927.08673937247,4264896071.756073,0.41096208383458704,-0.06435765078739762,0.07717797969000534,0.9225654730090861,0.00025654730090860504,3801.588372299169,804.0602116191226,29.206500000000002,2.0,2.0,2.0
BTCUSDC,Fixed volumes with 1 unit thresholds (separate sides) (v2),-1,70000,3,-0.027191931501193027,1467.4820212628047,21489.871455367127,-584.3511125837862,-409045.7788086503,2.0,42979.742910734254,3008582003.7513976,0.4468286064152583,-0.0648447469389159,0.07354316317422536,0.926106175883028,0.00035066094274663155,5725.10682155758,1129.9193630011246,40.654,2.0,2.0,2.0
BTCUSDC,Fixed volumes with 1 unit thresholds (separate sides) (v2),-1,70000,4,-0.027614459632604373,1915.2423421521996,16465.801379768112,-454.6942075200879,-318285.94526406156,2.0,32931.602759536225,2305212193.167536,0.45606670481581596,-0.0647417477978945,0.071269322235434,0.9285820451843044,0.00014863258026159333,8423.394022642633,1416.0385791002116,32.021214285714294,2.0,2.0,2.0
BTCUSDC,Fixed volumes with 1 unit thresholds (separate sides) (v2),-1,70000,5,-0.027808903289904686,2353.8089143299044,13397.859022459283,-372.5797658473471,-260805.836093143,2.0,26795.718044918565,1875700263.1442995,0.48004386818805667,-0.0650979340879325,0.06837081686918016,0.931364344205854,0.0002648389249658358,11957.89231251937,1649.4276661207032,75.26204,2.0,2.0,2.0
BTCUSDC,Fixed volumes with 1 unit thresholds (separate sides) (v2),-1,90000,1,-0.03215302589056326,585.0535433371922,53902.75874600491,-1733.1367975330809,-1559823.117779773,2.0,107805.51749200982,9702496574.280884,0.3323023288100626,-0.06786998125836669,0.08922331849995221,0.9105961319923107,0.00018054950773707743,1838.8155796928936,462.3110309544082,53.60658823529412,2.0,2.0,2.0
BTCUSDC,Fixed volumes with 1 unit thresholds (separate sides) (v2),-1,90000,2,-0.03265041554268973,1015.6893206458809,31048.864410572056,-1013.7583251338078,-912382.492620427,2.0,62097.72882114411,5588795593.90297,0.43095090116941936,-0.06888861552345407,0.07247038827216232,0.9273171509003028,0.00021246082753492325,3897.628317795368,790.6896933087419,30.92085,2.0,2.0,2.0
BTCUSDC,Fixed volumes with 1 unit thresholds (separate sides) (v2),-1,90000,3,-0.031241041672104203,1567.2950059044495,20121.29170398352,-628.6101126207137,-565749.1013586423,1.9999999999999998,40242.58340796703,3621832506.717033,0.4858552331878187,-0.0689117141757665,0.06786942489815354,0.9318554573832072,0.00027511771863922545,6787.150654817586,1187.5740860273663,27.628730769230767,2.0,2.0,2.0
BTCUSDC,Fixed volumes with 1 unit thresholds (separate sides) (v2),-1,90000,4,-0.031871833288523735,2019.1366483560805,15618.556587378893,-497.7920317603143,-448012.82858428283,2.0,31237.113174757786,2811340185.728201,0.5005999406086803,-0.06919812571136474,0.06548086515399147,0.9342962664232802,0.000222868422728334,9122.894987682334,1521.732137967854,58.047047619047625,2.0,2.0,2.0
BTCUSDC,Fixed volumes with 1 unit thresholds (separate sides) (v2),-1,90000,5,-0.032382630725925815,2425.9771334399998,12999.298124167566,-420.9514708511384,-378856.32376602455,2.0,25998.596248335132,2339873662.350162,0.4978140961811241,-0.06936694772778566,0.06517333333333333,0.9345493333333333,0.0002773333333333333,11250.746170212766,1811.2618576483208,53.875538461538454,2.0,2.0,2.0
BTCUSDC,Fixed volumes with 1 unit thresholds (separate sides) (v2),1,10000,1,-0.013274888122515743,511.5670237740983,61645.88125196653,-818.3421768337464,-81834.21768337463,2.0,123291.76250393306,1232917625.0393305,0.21815104458542584,-0.04504527073961198,0.12061342912406742,0.8788233043552193,0.0005632665207133292,1398.8222710370958,390.0963503603735,43.512773584905666,2.0,2.0,2.0
BTCUSDC,Fixed volumes with 1 unit thresholds (separate sides) (v2),1,10000,2,-0.010863287444008145,961.9444410822774,32783.59815096915,-356.1376501628318,-35613.76501628318,2.0,65567.1963019383,655671963.019383,0.26389245274433565,-0.04563325194895524,0.11223892666007002,0.887122687180142,0.0006383861597880558,2976.029997819698,707.7335968001152,111.99838333333335,2.0,2.0,2.0
BTCUSDC,Fixed volumes with 1 unit thresholds (separate sides) (v2),1,10000,3,-0.011182206154206058,1438.6961277534913,21919.847695178778,-245.1122557962876,-24511.225579628757,1.9999999999999998,43839.69539035755,438396953.9035755,0.2788916512022345,-0.045831627499106256,0.10660837933565206,0.8927108927108927,0.0006807279534552262,5103.130047989624,1002.1310821637078,68.11946875000001,2.0,2.0,2.0
BTCUSDC,Fixed volumes with 1 unit thresholds (separate sides) (v2),1,10000,4,-0.01043600559195592,1895.4667223752097,16637.590957272114,-173.62999226676703,-17362.999226676704,1.9999999999999998,33275.18191454422,332751819.1454422,0.29273161136203935,-0.04608213535804029,0.10511822239103599,0.8942170734023359,0.0006647042066280505,6942.925481180368,1303.4964720658854,45.038317460317465,2.0,2.0,2.0
BTCUSDC,Fixed volumes with 1 unit thresholds (separate sides) (v2),1,10000,5,-0.011139042228354452,2232.754955001533,14124.254849085466,-157.33067120800314,-15733.067120800313,1.9999999999999998,28248.50969817093,282485096.9817093,0.2881387061970122,-0.046196634367169274,0.10475676932999228,0.8945136972542054,0.0007295334158023282,7996.60989129996,1559.5094745520307,73.13059420289854,2.0,2.0,2.0
BTCUSDC,Fixed volumes with 1 unit thresholds (separate sides) (v2),1,30000,1,-0.018905922462901223,574.1623265402034,54925.233757551,-1038.412210676984,-311523.6632030952,2.0,109850.467515102,3295514025.45306,0.26499102141536374,-0.05256881641582283,0.1059023327351961,0.8934781679911133,0.0006194992736905067,1734.40953716591,437.01364356672366,35.77243103448275,2.0,2.0,2.0
BTCUSDC,Fixed volumes with 1 unit thresholds (separate sides) (v2),1,30000,2,-0.018677371651951886,1059.8692474417617,29754.613671563162,-555.7379779040339,-166721.39337121014,2.0,59509.227343126324,1785276820.2937896,0.31363800894026084,-0.05349659679852655,0.09478778853313477,0.9048505478140624,0.0003616636528028933,3830.565507350466,769.9508069123611,243.3331176470588,2.0,2.0,2.0
BTCUSDC,Fixed volumes with 1 unit thresholds (separate sides) (v2),1,30000,3,-0.017274138541212514,1575.1021265246657,20021.55890017215,-345.8551822526201,-103756.55467578603,2.0,40043.1178003443,1201293534.010329,0.34585198900070174,-0.05360054376930997,0.09087912204770462,0.9086636111317885,0.0004572668205068218,5820.104297683126,1151.3084024084824,52.72034883720931,2.0,2.0,2.0
BTCUSDC,Fixed volumes with 1 unit thresholds (separate sides) (v2),1,30000,4,-0.018181423398240137,1971.6031238207174,15995.105515397654,-290.8137856749708,-87244.13570249123,2.0,31990.211030795308,959706330.9238592,0.3576584320987653,-0.05462592487711909,0.08833899812585369,0.9112268775875396,0.0004341242866067363,8190.081772983339,1369.663418654644,58.47426829268293,2.0,2.0,2.0
BTCUSDC,Fixed volumes with 1 unit thresholds (separate sides) (v2),1,30000,5,-0.01711628501019582,2422.9793312165275,13015.381350432912,-222.77497671039706,-66832.49301311912,2.0,26030.762700865824,780922881.0259748,0.378353723855601,-0.05403413344833827,0.08531783831840986,0.9141741284054106,0.0005080332761795898,10549.769092916511,1665.8006439975454,125.94770833333332,2.0,2.0,2.0
BTCUSDC,Fixed volumes with 1 unit thresholds (separate sides) (v2),1,50000,1,-0.024131029357564365,589.4785580336292,53498.129101077335,-1290.9649239128657,-645482.4619564328,2.0,106996.25820215467,5349812910.107734,0.2862725948085106,-0.05855323575801174,0.09978344868583075,0.8999724003227039,0.00024415099146533057,1982.923795425532,435.1240804307569,65.20613043478261,2.0,2.0,2.0
BTCUSDC,Fixed volumes with 1 unit thresholds (separate sides) (v2),1,50000,2,-0.021427689686661783,1124.094538635106,28054.579856149405,-601.144831447242,-300572.41572362103,2.0,56109.15971229881,2805457985.6149406,0.37380128114733974,-0.05902544960826367,0.08682787687853889,0.9128953978458002,0.0002767252756609477,4526.410359769552,800.8183514550203,45.35061538461538,2.0,2.0,2.0
BTCUSDC,Fixed volumes with 1 unit thresholds (separate sides) (v2),1,50000,3,-0.021929500291103673,1567.6546155297983,20116.676012427786,-441.14865247057344,-220574.32623528672,2.0,40233.35202485557,2011667601.2427785,0.4066306230195101,-0.059946679070955654,0.08143440568985189,0.9182030475256182,0.0003625467845299154,6632.053643184497,1119.0919721983512,65.12058823529412,2.0,2.0,2.0
BTCUSDC,Fixed volumes with 1 unit thresholds (separate sides) (v2),1,50000,4,-0.021839577843064714,2090.8254401373842,15083.038208071463,-329.407187055096,-164703.59352754802,2.0,30166.076416142925,1508303820.8071463,0.42188521461445283,-0.05967463326526395,0.07853104359313078,0.9211730515191545,0.00029590488771466316,9539.295810523485,1456.496396266893,31.61528571428571,2.0,2.0,2.0
BTCUSDC,Fixed volumes with 1 unit thresholds (separate sides) (v2),1,50000,5,-0.01986104954830767,2633.2012161866996,11976.297066150235,-237.86182943606158,-118930.91471803078,2.0,23952.59413230047,1197629706.6150236,0.45671768432093707,-0.060111342990901366,0.07783739078802274,0.9218021036559505,0.00036050555602680463,12221.36255360305,1824.584015068383,46.7669705882353,2.0,2.0,2.0
BTCUSDC,Fixed volumes with 1 unit thresholds (separate sides) (v2),1,70000,1,-0.028060613797927226,633.8786274014102,49750.84919534525,-1396.0393653895014,-977227.555772651,2.0,99501.6983906905,6965118887.348334,0.31506185320129615,-0.06348951701577057,0.09356032726380578,0.9062583336000085,0.00018133913618569128,2109.5770875612816,481.6506797867206,32.87905882352941,2.0,2.0,2.0
BTCUSDC,Fixed volumes with 1 unit thresholds (separate sides) (v2),1,70000,2,-0.027368277407421364,1141.519195436455,27626.342269209363,-756.0853989760925,-529259.7792832648,2.0,55252.684538418725,3867687917.6893106,0.402974645133406,-0.0642642905254768,0.07892809763863094,0.9207959671000265,0.00027593526134253116,4646.304900497513,841.420380431525,67.75376923076922,2.0,2.0,2.0
BTCUSDC,Fixed volumes with 1 unit thresholds (separate sides) (v2),1,70000,3,-0.02616533003813682,1697.0286626873901,18583.06856765757,-486.2321221940868,-340362.48553586076,2.0,37166.13713531514,2601629599.4720597,0.4506896985697893,-0.06424624484140161,0.07391700769703781,0.9257967388308136,0.0002862534721485974,8103.701583189902,1186.0087354992386,84.78792592592592,2.0,2.0,2.0
BTCUSDC,Fixed volumes with 1 unit thresholds (separate sides) (v2),1,70000,4,-0.024593580377317216,2155.89419066057,14627.805082742632,-359.75010004616024,-251825.07003231216,2.0,29255.610165485265,2047892711.5839686,0.4964338437758584,-0.06468805978255533,0.07142478279779775,0.9283206212142107,0.0002545959879915559,11117.5759826229,1466.9488625528509,97.65075,2.0,2.0,2.0
BTCUSDC,Fixed volumes with 1 unit thresholds (separate sides) (v2),1,70000,5,-0.02455666314151978,2657.0907872767216,11868.619676455073,-291.45369534952073,-204017.5867446645,2.0,23737.239352910146,1661606754.7037103,0.5030393556020083,-0.06451186950229394,0.07035586546523599,0.9292620541068339,0.00038208042793007926,13846.70652179816,1810.8555787039152,351.73572222222225,2.0,2.0,2.0
BTCUSDC,Fixed volumes with 1 unit thresholds (separate sides) (v2),1,90000,1,-0.03083011281068255,627.3423002040903,50269.20708158934,-1549.8053252289615,-1394824.792706065,2.0,100538.41416317868,9048457274.68608,0.34654520930945315,-0.0675423770793961,0.08863046898252477,0.9111994557591734,0.00017007525830179854,2182.6720142720073,476.1686587807098,37.8256875,2.0,2.0,2.0
BTCUSDC,Fixed volumes with 1 unit thresholds (separate sides) (v2),1,90000,2,-0.029844635443816964,1230.319116533504,25632.37421593068,-764.9888640339448,-688489.9776305503,2.0,51264.74843186136,4613827358.867522,0.45608905001285244,-0.06850976371730261,0.07367636092468308,0.9261105784595718,0.0002130606157451795,5301.505900086755,906.709293648055,48.7465,2.0,2.0,2.0
BTCUSDC,Fixed volumes with 1 unit thresholds (separate sides) (v2),1,90000,3,-0.02976173638510235,1739.5825221086275,18128.48749582387,-539.5352659113342,-485581.7393202008,2.0,36256.97499164774,3263127749.2482963,0.5073872799730345,-0.0689900993141694,0.06802980272627213,0.9317161967657268,0.000254000508001016,8999.155200062229,1209.9872133104639,27.892166666666668,2.0,2.0,2.0
BTCUSDC,Fixed volumes with 1 unit thresholds (separate sides) (v2),1,90000,4,-0.029630076632980874,2263.9749168053067,13929.48294873356,-412.7316472287758,-371458.48250589817,2.0,27858.96589746712,2507306930.772041,0.5241908471956319,-0.0690429794634849,0.06642011677563607,0.933431529421738,0.0001483538026258623,12133.305109125717,1561.9232329174565,882.905857142857,2.0,2.0,2.0
BTCUSDC,Fixed volumes with 1 unit thresholds (separate sides) (v2),1,90000,5,-0.028887447249379,2690.4419205965896,11721.494435013516,-338.6040521753424,-304743.6469578082,2.0,23442.98887002703,2109868998.3024328,0.5352316445477372,-0.06900403623251705,0.06637163434431549,0.9334475165157817,0.00018084913990276699,14528.213651065875,1849.246124269189,35.578529411764706,2.0,2.0,2.0
BTCUSDC,Fixed volumes with 1 unit thresholds (v2),0,10000,1,-0.35363023999479104,23821.671585598306,1323.836569851189,-468.14864391035695,-46814.8643910357,51.97720249810939,68809.32146555779,688093214.6555779,0.5531224085506786,-1.3276659244473525,0.5178869239899635,0.4821130760100365,0.0,11042.283329542488,37549.31848780437,0.0,18.603286044465076,87.82753677387186,0.0
BTCUSDC,Fixed volumes with 1 unit thresholds (v2),0,10000,2,-0.535614538891592,78849.55982077598,399.95150349197786,-214.2198401218547,-21421.98401218547,95.77571903903964,38305.64282768915,383056428.2768915,1.111924736997831,-2.425803490236646,0.534294561349801,0.465705438650199,0.0,40958.917046532595,122320.73855341827,0.0,35.03468810760546,165.4626923574292,0.0
BTCUSDC,Fixed volumes with 1 unit thresholds (v2),0,10000,3,-0.751069369891379,173438.68485258328,181.82794701657522,-136.5654015943822,-13656.54015943822,141.2219669972305,25678.100332748963,256781003.32748964,1.6747025210239164,-3.7489693602710585,0.5527436128130765,0.44725638718692357,0.0,90841.31011504956,275516.9840770035,0.0,51.325961625897975,252.32030837350953,0.0
BTCUSDC,Fixed volumes with 1 unit thresholds (v2),0,10000,4,-0.8584878166273417,294784.95368008735,106.97967995416806,-91.84075186734555,-9184.075186734555,182.7539792475328,19550.96221025173,195509622.1025173,2.2384587064573394,-4.760299526568051,0.5575005708196971,0.44249942918030294,0.0,163763.4396865802,459857.63857902767,0.0,67.57380659840729,327.8683178534572,0.0
BTCUSDC,Fixed volumes with 1 unit thresholds (v2),0,10000,5,-0.818674134352072,434092.44582459703,72.648119780326,-59.47513657346403,-5947.513657346402,218.73003172991497,15890.32554466937,158903255.4466937,2.7973502716997083,-5.524393923157805,0.5654727757329611,0.434527224267039,0.0,253782.0392699131,668739.7139215571,0.0,84.13897866839044,393.8803378859927,0.0
BTCUSDC,Fixed volumes with 1 unit thresholds (v2),0,30000,1,-0.4411695442732015,23750.450528484496,1327.8063909641673,-585.7877403847061,-175736.32211541184,46.893865921619266,62265.974867742836,1867979246.032285,0.54017391281377,-1.3954055707154296,0.4929975930011105,0.5070024069988894,0.0,10937.547973631097,36209.42514418951,0.0,16.14502385126595,76.79333961048614,0.0
BTCUSDC,Fixed volumes with 1 unit thresholds (v2),0,30000,2,-0.7018741729266839,79337.67301676972,397.49086153981585,-278.9885696891733,-83696.57090675198,86.61265001818404,34427.73687597452,1032832106.2792357,1.09939995108572,-2.5776263934847683,0.5101274902008325,0.4898725097991676,0.0,39988.18189743844,120314.16535681512,0.0,29.9807511411682,145.5861336522896,0.0
BTCUSDC,Fixed volumes with 1 unit thresholds (v2),0,30000,3,-0.9880396342205933,174068.49542069112,181.17006138177598,-179.00320117937238,-53700.960353811715,128.10880133946583,23209.47940221677,696284382.066503,1.6589848936296614,-3.9631104542036626,0.5291747357379165,0.47082526426208343,0.0,89147.29099384346,269514.00211318675,0.0,44.217632875563474,222.39661950106577,0.0
BTCUSDC,Fixed volumes with 1 unit thresholds (v2),0,30000,4,-1.1606394695219446,294409.25333731755,107.11619842963232,-124.32328772257581,-37296.986316772745,164.8846936962096,17661.821567972333,529854647.03916997,2.2158030825198374,-5.048808419095579,0.5352204930310492,0.4647795069689507,0.0,159503.2912238898,449761.2739676084,0.0,57.93941693783263,288.03836741828354,0.0
BTCUSDC,Fixed volumes with 1 unit thresholds (v2),0,30000,5,-1.1970271486760793,434123.93832857674,72.64284969268672,-86.9554632393418,-26086.638971802542,197.78330574458954,14367.542950926922,431026288.52780765,2.769083594919687,-5.914303296193138,0.5432530194347372,0.4567469805652627,0.0,246923.20309277548,656779.7389895748,0.0,72.31885039310838,347.01022371364655,0.0
BTCUSDC,Fixed volumes with 1 unit thresholds (v2),0,50000,1,-0.4896470033152488,23738.010687068327,1328.5022243746716,-650.4971330627003,-325248.56653135014,43.88124361874637,58296.329755831415,2914816487.7915707,0.5333175051412006,-1.4336584037781968,0.4799303317250906,0.5200696682749094,0.0,10815.55305444667,35663.10410560859,0.0,14.768948400283653,70.7466317653399,0.0
BTCUSDC,Fixed volumes with 1 unit thresholds (v2),0,50000,2,-0.7903370889970329,79232.62521343825,398.01786088808444,-314.5682775431147,-157284.13877155734,80.89851691719873,32199.054652401952,1609952732.6200976,1.0903454895555968,-2.6424573732597576,0.496174149112664,0.503825850887336,0.0,39596.44680691836,118266.8412233875,0.0,27.36131882383934,133.62263510816635,0.0
BTCUSDC,Fixed volumes with 1 unit thresholds (v2),0,50000,3,-1.127737881183442,173950.26300397067,181.2932010299987,-204.45121040253454,-102225.60520126726,119.79478430662077,21717.979913645533,1085898995.6822767,1.641394701782032,-4.066047521411896,0.5148207419932765,0.48517925800672346,0.0,88525.5640595607,264593.8883637835,0.0,40.272417130177224,204.17548154217968,0.0
BTCUSDC,Fixed volumes with 1 unit thresholds (v2),0,50000,4,-1.3239463052642189,293431.77941872407,107.47302171043464,-142.28851000911112,-71144.25500455557,153.44867091393957,16491.592340571166,824579617.0285583,2.2037659277574155,-5.1737239749150685,0.5218275755628311,0.47817242443716884,0.0,157847.61761174144,441394.2105934917,0.0,52.6847423440197,263.4119265569607,0.0
BTCUSDC,Fixed volumes with 1 unit thresholds (v2),0,50000,5,-1.4054762928610536,434377.0336373517,72.6005234114851,-102.03831450414621,-51019.15725207311,184.73152059134105,13411.605085530899,670580254.2765449,2.7575744598989083,-6.086769997704835,0.5292979855413857,0.47070201445861426,0.0,244461.4307778225,647934.5348348846,0.0,65.8435626660528,318.4194052870563,0.0
BTCUSDC,Fixed volumes with 1 unit thresholds (v2),0,70000,1,-0.5292964444519161,23815.000214830474,1324.2074203451562,-700.8982793055351,-490628.7955138746,41.65182251110433,55155.65244010377,3860895670.807264,0.5290809670582132,-1.4627414157802412,0.4686349819977266,0.53136001041578,5.007586493537709e-06,10807.810504600098,35286.96473434423,36.902,13.788213923171448,66.22649866649076,14.0
BTCUSDC,Fixed volumes with 1 unit thresholds (v2),0,70000,2,-0.8532286515130784,79586.01265372944,396.2505338370185,-338.09230864709673,-236664.61605296773,76.68644213030636,30387.043632195524,2127093054.2536867,1.0806399468115027,-2.7048967197828766,0.489142816819057,0.510857183180943,0.0,39861.4401901013,117622.06247650245,0.0,25.594530259781745,125.60665410306756,0.0
BTCUSDC,Fixed volumes with 1 unit thresholds (v2),0,70000,3,-1.2308584779614704,173770.51659421262,181.48072882606772,-223.37709366219207,-156363.96556353444,113.49297123956273,20596.787137191786,1441775099.603425,1.631488802631018,-4.159428380530739,0.5057178008148119,0.4942821991851882,0.0,87809.50777106223,261720.29995588088,0.0,37.573132066442,191.1692747118229,0.0
BTCUSDC,Fixed volumes with 1 unit thresholds (v2),0,70000,4,-1.4446958262822525,294152.78210448043,107.2095928326073,-154.88525130268746,-108419.67591188123,145.78772413306666,15629.842544298554,1094088978.1008987,2.199285942084184,-5.272645971735535,0.5123106299153093,0.4876893700846907,0.0,157612.69224579347,437586.1717476653,0.0,49.098901531169176,247.35793388429752,0.0
BTCUSDC,Fixed volumes with 1 unit thresholds (v2),0,70000,5,-1.5638457683623723,434936.05161417095,72.50721084849363,-113.39009486117506,-79373.06640282254,175.40183179323992,12717.89760104446,890252832.0731122,2.7477503916634745,-6.2517760832453915,0.5209085531281236,0.4790914468718765,0.0,243742.1552382766,642818.1513226428,0.0,61.1879075049439,299.5848253251868,0.0
BTCUSDC,Fixed volumes with 1 unit thresholds (v2),0,90000,1,-0.5451672544469666,23705.242179341836,1330.3386551132708,-725.2570720927718,-652731.3648834946,39.492846984855674,52538.86094442709,4728497484.998438,0.524103616340186,-1.4709362203612317,0.4640353284598688,0.5359646715401313,0.0,10735.392601129093,34934.46815016293,0.0,13.056701973224367,62.381119076436086,0.0
BTCUSDC,Fixed volumes with 1 unit thresholds (v2),0,90000,2,-0.898932625148014,79271.34936673066,397.82342866532963,-357.61645907550843,-321854.8131679576,73.27768840987694,29151.581247886934,2623642312.309824,1.07692577330187,-2.7333572881471833,0.4814405211935977,0.5185594788064023,0.0,39508.86923483898,116187.59512259102,0.0,24.198889028108425,118.84338283764396,0.0
BTCUSDC,Fixed volumes with 1 unit thresholds (v2),0,90000,3,-1.2954938390499628,173787.66896952712,181.46281716644518,-235.08396165577958,-211575.5654902016,108.58213888623362,19703.62081625417,1773325873.4628754,1.6267746461890844,-4.212914694947683,0.4995849411622654,0.5004150588377346,0.0,87354.53183224742,260077.42577958296,0.0,35.47303652531193,181.56996360565418,0.0
BTCUSDC,Fixed volumes with 1 unit thresholds (v2),0,90000,4,-1.557519625038734,293997.2660018779,107.26630362541727,-167.06937300195088,-150362.43570175578,139.67806038518967,14982.749235087122,1348447431.157841,2.1843947835262276,-5.390416890396235,0.5060056184040695,0.49399438159593045,0.0,155717.33563249608,435639.4066541252,0.0,46.39314187398094,235.23115701463175,0.0
BTCUSDC,Fixed volumes with 1 unit thresholds (v2),0,90000,5,-1.6637652562616194,434818.63420703233,72.52679052614982,-120.66755422557246,-108600.79880301522,166.98466728309134,12110.861985119589,1089977578.660763,2.7329811139903977,-6.292906426472308,0.5128737921294085,0.48712620787059147,0.0,242639.0025819655,637156.1287804408,0.0,57.898505215401535,281.83669680756753,0.0
